Date,Year,Site,Quadrat,Percent flipped rocks,PC 0-2,PC 2-4,PC 4-6,PC 6-8,PC 8-10,PC 10-12,PC 12-14,PC 14-16,PC 16-18,PC 18-20,Total PC,Ovigerous,No Preds?,HN 0-10,HN 10-20,HN >20,HO 0-10,HO 10-20,HO >20,CA 0-30,CA 30-60,CA >60,HC 0-60,HC 60-120,HC >120,ME 0-60,ME 60-120,ME >120,X 0-60,X 60-120,X >120,NC 0-50,NC 50-100,NC >100,CP 0-30,CP 30-60,CP >60,Comments
7/25/02,2002,CM,1,25,0,0,0,0,0,0,0,0,0,0,0,0,TRUE,0,0,0,0,0,0,0,0,0,0,0,0,0,0,0,0,0,0,0,0,0,0,0,0,
7/25/02,2002,CM,2,20,0,0,0,1,3,1,0,0,0,0,0,0,TRUE,0,0,0,0,0,0,0,0,0,0,0,0,0,0,0,0,0,0,0,0,0,0,0,0,
7/25/02,2002,CM,3,30,1,2,2,1,0,2,0,0,0,0,0,0,TRUE,0,0,0,0,0,0,0,0,0,0,0,0,0,0,0,0,0,0,0,0,0,0,0,0,
7/25/02,2002,CM,4,30,1,3,7,4,2,0,0,0,0,0,0,1,FALSE,0,0,0,0,0,0,0,0,0,0,0,0,0,0,0,0,0,0,0,0,0,0,1,0,
7/25/02,2002,CM,5,35,0,3,3,1,1,0,1,1,0,0,0,0,TRUE,0,0,0,0,0,0,0,0,0,0,0,0,0,0,0,0,0,0,0,0,0,0,0,0,
7/25/02,2002,CM,6,25,3,1,2,3,1,0,0,0,0,0,0,1,TRUE,0,0,0,0,0,0,0,0,0,0,0,0,0,0,0,0,0,0,0,0,0,0,0,0,
7/25/02,2002,CM,7,15,0,0,0,0,0,0,0,0,0,0,0,0,TRUE,0,0,0,0,0,0,0,0,0,0,0,0,0,0,0,0,0,0,0,0,0,0,0,0,
7/25/02,2002,CM,8,15,0,0,2,2,0,0,0,0,0,0,0,0,TRUE,0,0,0,0,0,0,0,0,0,0,0,0,0,0,0,0,0,0,0,0,0,0,0,0,
7/25/02,2002,CM,9,20,0,0,0,0,0,0,0,0,0,0,0,0,TRUE,0,0,0,0,0,0,0,0,0,0,0,0,0,0,0,0,0,0,0,0,0,0,0,0,
7/25/02,2002,CM,10,20,1,2,6,1,1,2,3,0,0,0,0,1,TRUE,0,0,0,0,0,0,0,0,0,0,0,0,0,0,0,0,0,0,0,0,0,0,0,0,
7/25/02,2002,CM,11,20,0,0,1,3,1,0,0,0,0,0,0,0,TRUE,0,0,0,0,0,0,0,0,0,0,0,0,0,0,0,0,0,0,0,0,0,0,0,0,
7/25/02,2002,CM,12,20,6,2,7,4,1,2,0,0,0,0,0,0,TRUE,0,0,0,0,0,0,0,0,0,0,0,0,0,0,0,0,0,0,0,0,0,0,0,0,
7/25/02,2002,CM,13,20,8,0,2,3,3,5,2,0,0,0,0,1,TRUE,0,0,0,0,0,0,0,0,0,0,0,0,0,0,0,0,0,0,0,0,0,0,0,0,
7/25/02,2002,CM,14,20,2,3,3,5,5,2,0,0,1,0,0,0,TRUE,0,0,0,0,0,0,0,0,0,0,0,0,0,0,0,0,0,0,0,0,0,0,0,0,
7/25/02,2002,CM,15,20,20,21,21,18,5,6,0,0,0,0,0,1,TRUE,0,0,0,0,0,0,0,0,0,0,0,0,0,0,0,0,0,0,0,0,0,0,0,0,
7/25/02,2002,CM,16,20,2,7,1,2,2,3,0,0,0,0,0,0,TRUE,0,0,0,0,0,0,0,0,0,0,0,0,0,0,0,0,0,0,0,0,0,0,0,0,
7/25/02,2002,CM,17,15,4,5,6,3,0,3,0,0,0,0,0,0,TRUE,0,0,0,0,0,0,0,0,0,0,0,0,0,0,0,0,0,0,0,0,0,0,0,0,
7/25/02,2002,CM,18,15,0,0,0,0,0,0,0,0,0,0,0,0,TRUE,0,0,0,0,0,0,0,0,0,0,0,0,0,0,0,0,0,0,0,0,0,0,0,0,
7/25/02,2002,CM,19,20,1,0,0,0,0,0,0,0,0,0,0,0,TRUE,0,0,0,0,0,0,0,0,0,0,0,0,0,0,0,0,0,0,0,0,0,0,0,0,
7/25/02,2002,CM,20,15,1,0,0,0,0,0,0,0,0,0,0,0,TRUE,0,0,0,0,0,0,0,0,0,0,0,0,0,0,0,0,0,0,0,0,0,0,0,0,
7/25/02,2002,CM,21,25,0,0,0,0,0,0,0,0,0,0,0,0,TRUE,0,0,0,0,0,0,0,0,0,0,0,0,0,0,0,0,0,0,0,0,0,0,0,0,
7/25/02,2002,CM,22,20,4,0,0,0,0,0,0,0,0,0,0,0,FALSE,0,0,0,0,0,0,0,1,0,0,0,0,0,0,0,0,0,0,0,0,0,0,0,0,
7/25/02,2002,CM,23,30,0,0,0,0,0,0,0,0,0,0,0,0,TRUE,0,0,0,0,0,0,0,0,0,0,0,0,0,0,0,0,0,0,0,0,0,0,0,0,
7/25/02,2002,CM,24,35,2,0,0,0,0,0,0,0,0,0,0,0,TRUE,0,0,0,0,0,0,0,0,0,0,0,0,0,0,0,0,0,0,0,0,0,0,0,0,
7/25/02,2002,CM,25,15,1,0,0,0,0,0,0,0,0,0,0,0,TRUE,0,0,0,0,0,0,0,0,0,0,0,0,0,0,0,0,0,0,0,0,0,0,0,0,
7/25/02,2002,CM,26,25,1,0,0,0,0,0,0,0,0,0,0,0,TRUE,0,0,0,0,0,0,0,0,0,0,0,0,0,0,0,0,0,0,0,0,0,0,0,0,
7/25/02,2002,CM,27,20,2,0,0,0,0,0,0,0,0,0,0,0,TRUE,0,0,0,0,0,0,0,0,0,0,0,0,0,0,0,0,0,0,0,0,0,0,0,0,
7/25/02,2002,CM,28,20,0,0,0,0,0,0,0,0,0,0,0,0,TRUE,0,0,0,0,0,0,0,0,0,0,0,0,0,0,0,0,0,0,0,0,0,0,0,0,
7/25/02,2002,CM,29,20,0,0,0,0,0,0,0,0,0,0,0,0,TRUE,0,0,0,0,0,0,0,0,0,0,0,0,0,0,0,0,0,0,0,0,0,0,0,0,
7/25/02,2002,CM,30,30,7,0,0,0,0,0,0,0,0,0,0,0,FALSE,0,0,0,0,0,0,0,0,0,0,0,0,0,0,0,0,0,0,0,0,0,1,0,0,
7/25/02,2002,CM,31,15,2,0,0,0,0,0,0,0,0,0,0,0,TRUE,0,0,0,0,0,0,0,0,0,0,0,0,0,0,0,0,0,0,0,0,0,0,0,0,
7/25/02,2002,CM,32,25,4,0,0,0,0,0,0,0,0,0,0,0,TRUE,0,0,0,0,0,0,0,0,0,0,0,0,0,0,0,0,0,0,0,0,0,0,0,0,
7/25/02,2002,CM,33,25,5,0,0,0,0,0,0,0,0,0,0,0,TRUE,0,0,0,0,0,0,0,0,0,0,0,0,0,0,0,0,0,0,0,0,0,0,0,0,
7/25/02,2002,CM,34,20,1,0,0,0,0,0,0,0,0,0,0,0,TRUE,0,0,0,0,0,0,0,0,0,0,0,0,0,0,0,0,0,0,0,0,0,0,0,0,
7/25/02,2002,CM,35,15,0,0,0,0,0,0,0,0,0,0,0,0,TRUE,0,0,0,0,0,0,0,0,0,0,0,0,0,0,0,0,0,0,0,0,0,0,0,0,
7/25/02,2002,CM,36,25,3,0,0,0,0,0,0,0,0,0,0,0,TRUE,0,0,0,0,0,0,0,0,0,0,0,0,0,0,0,0,0,0,0,0,0,0,0,0,
7/25/02,2002,CM,37,25,4,0,0,0,0,0,0,0,0,0,0,0,TRUE,0,0,0,0,0,0,0,0,0,0,0,0,0,0,0,0,0,0,0,0,0,0,0,0,
7/25/02,2002,CM,38,30,1,0,0,0,0,0,0,0,0,0,0,0,TRUE,0,0,0,0,0,0,0,0,0,0,0,0,0,0,0,0,0,0,0,0,0,0,0,0,
7/25/02,2002,CM,39,25,7,0,0,0,0,0,0,0,0,0,0,0,TRUE,0,0,0,0,0,0,0,0,0,0,0,0,0,0,0,0,0,0,0,0,0,0,0,0,
7/25/02,2002,CM,40,20,0,0,0,0,0,0,0,0,0,0,0,0,TRUE,0,0,0,0,0,0,0,0,0,0,0,0,0,0,0,0,0,0,0,0,0,0,0,0,
7/11/02,2002,AN,1,35,0,0,0,1,0,0,0,0,0,0,0,,FALSE,0,1,2,0,0,0,0,0,0,0,0,0,0,0,0,0,0,0,0,0,0,0,0,0,
7/11/02,2002,AN,2,20,4,3,6,3,2,0,0,0,0,0,0,,FALSE,1,1,1,0,0,0,0,0,0,0,0,0,0,0,0,0,0,0,0,0,0,0,0,0,
7/11/02,2002,AN,3,25,0,3,13,14,7,0,0,0,0,0,0,,FALSE,3,0,1,0,0,0,0,0,0,0,0,0,0,0,0,0,0,0,0,0,0,0,0,0,
7/11/02,2002,AN,4,45,3,3,9,6,8,4,2,0,0,0,0,,FALSE,2,0,2,0,0,0,0,0,0,0,0,0,0,0,0,0,0,0,0,0,0,0,0,0,
7/11/02,2002,AN,5,30,5,1,17,16,4,3,0,0,0,0,0,,FALSE,7,2,4,0,0,0,0,0,0,0,0,0,0,0,0,0,0,0,0,0,0,0,0,0,
7/11/02,2002,AN,6,25,1,4,11,4,5,1,0,0,0,0,0,,FALSE,2,0,2,0,0,0,0,0,0,0,0,0,0,0,0,0,0,0,0,0,0,0,0,0,
7/11/02,2002,AN,7,30,1,0,14,24,7,3,0,0,0,0,0,,FALSE,3,2,3,0,0,0,0,0,0,0,0,0,0,0,0,0,0,0,0,0,0,0,0,0,
7/11/02,2002,AN,8,50,2,0,0,0,0,0,0,0,0,0,32,,FALSE,6,1,3,0,0,0,0,0,0,0,0,0,0,0,0,0,0,0,0,0,0,0,0,0,estimated 0-2 and >2 from avg 0-2 fraction per rock from freq rocks
7/11/02,2002,AN,9,40,2,0,0,0,0,0,0,0,0,0,30,,FALSE,2,2,2,0,0,0,0,0,0,0,0,0,0,0,0,0,0,0,0,0,0,0,0,0,estimated 0-2 and >2 from avg 0-2 fraction per rock from freq rocks
7/11/02,2002,AN,10,15,1,0,0,0,0,0,0,0,0,0,12,,FALSE,7,0,0,0,0,0,0,0,0,0,0,0,0,0,0,0,0,0,0,0,0,0,0,0,estimated 0-2 and >2 from avg 0-2 fraction per rock from freq rocks
7/11/02,2002,AN,11,30,1,0,0,0,0,0,0,0,0,0,8,,FALSE,2,2,1,0,0,0,0,0,0,0,0,0,0,0,0,0,0,0,0,0,0,0,0,0,estimated 0-2 and >2 from avg 0-2 fraction per rock from freq rocks
7/11/02,2002,AN,12,25,2,0,0,0,0,0,0,0,0,0,25,,FALSE,0,2,6,0,0,0,0,0,0,0,0,0,0,0,0,0,0,0,0,0,0,0,0,0,estimated 0-2 and >2 from avg 0-2 fraction per rock from freq rocks
7/11/02,2002,AN,13,25,1,0,0,0,0,0,0,0,0,0,12,,FALSE,2,1,1,0,0,0,0,0,0,0,0,0,0,0,0,0,0,0,0,0,0,0,0,0,estimated 0-2 and >2 from avg 0-2 fraction per rock from freq rocks
7/11/02,2002,AN,14,35,3,0,0,0,0,0,0,0,0,0,42,,FALSE,0,1,1,0,0,0,0,0,0,0,0,0,0,0,0,1,0,0,0,0,0,0,0,0,estimated 0-2 and >2 from avg 0-2 fraction per rock from freq rocks
7/11/02,2002,AN,15,35,1,0,0,0,0,0,0,0,0,0,22,,FALSE,8,0,3,0,0,0,0,0,0,0,0,0,0,0,0,0,0,0,0,0,0,0,0,0,estimated 0-2 and >2 from avg 0-2 fraction per rock from freq rocks
7/11/02,2002,AN,16,25,3,0,0,0,0,0,0,0,0,0,38,,FALSE,0,0,1,0,0,0,0,0,0,0,0,0,0,0,0,0,0,0,0,0,0,0,0,0,estimated 0-2 and >2 from avg 0-2 fraction per rock from freq rocks
7/11/02,2002,AN,17,45,5,0,0,0,0,0,0,0,0,0,71,,FALSE,1,0,0,0,0,0,0,0,0,0,0,0,0,0,1,0,0,0,0,0,0,0,0,0,estimated 0-2 and >2 from avg 0-2 fraction per rock from freq rocks
7/11/02,2002,AN,18,20,3,0,0,0,0,0,0,0,0,0,41,,FALSE,0,2,2,0,0,0,0,0,0,0,0,0,0,0,0,0,0,0,0,0,0,0,0,0,estimated 0-2 and >2 from avg 0-2 fraction per rock from freq rocks
7/11/02,2002,AN,19,20,3,0,0,0,0,0,0,0,0,0,39,,FALSE,5,5,2,0,0,0,0,0,0,0,0,0,0,0,0,0,0,0,0,0,0,0,0,0,estimated 0-2 and >2 from avg 0-2 fraction per rock from freq rocks
7/11/02,2002,AN,20,25,2,0,0,0,0,0,0,0,0,0,36,,FALSE,1,0,5,0,0,0,0,0,0,0,0,0,0,0,0,0,0,0,0,0,0,0,0,0,estimated 0-2 and >2 from avg 0-2 fraction per rock from freq rocks
7/11/02,2002,AN,21,30,2,0,0,0,0,0,0,0,0,0,33,,FALSE,0,1,1,1,0,0,0,0,0,0,0,0,0,0,0,0,0,0,0,0,0,0,0,0,estimated 0-2 and >2 from avg 0-2 fraction per rock from freq rocks
7/11/02,2002,AN,22,20,2,0,0,0,0,0,0,0,0,0,30,,FALSE,0,3,2,0,0,0,0,0,0,0,0,0,0,0,0,0,0,0,0,0,0,0,0,0,estimated 0-2 and >2 from avg 0-2 fraction per rock from freq rocks
7/11/02,2002,AN,23,15,1,0,0,0,0,0,0,0,0,0,17,,FALSE,4,0,0,0,0,0,0,0,0,0,0,0,0,0,0,0,0,0,0,0,0,0,0,0,estimated 0-2 and >2 from avg 0-2 fraction per rock from freq rocks
7/11/02,2002,AN,24,25,2,0,0,0,0,0,0,0,0,0,32,,FALSE,1,1,1,0,0,0,0,0,0,0,0,0,0,0,0,0,0,0,0,0,0,0,0,0,estimated 0-2 and >2 from avg 0-2 fraction per rock from freq rocks
7/11/02,2002,AN,25,20,2,0,0,0,0,0,0,0,0,0,36,,FALSE,6,1,5,0,0,0,0,0,0,0,0,0,0,0,0,1,0,0,0,0,0,0,0,0,estimated 0-2 and >2 from avg 0-2 fraction per rock from freq rocks
7/11/02,2002,AN,26,20,2,0,0,0,0,0,0,0,0,0,30,,FALSE,2,0,1,0,0,0,0,0,0,0,0,0,0,0,0,0,0,0,0,0,0,0,0,0,estimated 0-2 and >2 from avg 0-2 fraction per rock from freq rocks
7/11/02,2002,AN,27,15,2,0,0,0,0,0,0,0,0,0,32,,FALSE,2,1,1,1,0,0,0,0,0,0,0,0,0,0,0,0,0,0,0,0,0,0,0,0,estimated 0-2 and >2 from avg 0-2 fraction per rock from freq rocks
7/11/02,2002,AN,28,25,3,0,0,0,0,0,0,0,0,0,38,,FALSE,5,2,1,0,0,0,0,0,0,0,0,0,0,0,0,0,0,0,0,0,0,0,0,0,estimated 0-2 and >2 from avg 0-2 fraction per rock from freq rocks
7/11/02,2002,AN,29,15,3,0,0,0,0,0,0,0,0,0,43,,TRUE,0,0,0,0,0,0,0,0,0,0,0,0,0,0,0,0,0,0,0,0,0,0,0,0,estimated 0-2 and >2 from avg 0-2 fraction per rock from freq rocks
7/11/02,2002,AN,30,30,1,0,0,0,0,0,0,0,0,0,11,,FALSE,1,4,1,0,0,0,0,0,0,0,0,0,0,0,0,0,0,0,0,0,0,0,0,0,estimated 0-2 and >2 from avg 0-2 fraction per rock from freq rocks
7/11/02,2002,AN,31,35,2,0,0,0,0,0,0,0,0,0,36,,FALSE,3,0,2,0,0,0,0,0,0,0,0,0,0,0,0,0,0,0,0,0,0,0,0,0,estimated 0-2 and >2 from avg 0-2 fraction per rock from freq rocks
7/11/02,2002,AN,32,20,2,0,0,0,0,0,0,0,0,0,28,,FALSE,0,0,1,0,0,0,0,0,0,0,0,0,0,0,0,0,0,0,0,0,0,0,0,0,estimated 0-2 and >2 from avg 0-2 fraction per rock from freq rocks
7/11/02,2002,AN,33,20,6,0,0,0,0,0,0,0,0,0,87,,FALSE,0,0,2,0,0,0,0,0,0,0,0,0,0,0,0,0,0,0,0,0,0,0,0,0,estimated 0-2 and >2 from avg 0-2 fraction per rock from freq rocks
7/11/02,2002,AN,34,20,2,0,0,0,0,0,0,0,0,0,29,,FALSE,6,0,1,0,0,0,0,0,0,0,0,0,0,0,0,0,0,0,0,0,0,0,0,0,estimated 0-2 and >2 from avg 0-2 fraction per rock from freq rocks
7/11/02,2002,AN,35,15,2,0,0,0,0,0,0,0,0,0,35,,FALSE,7,1,2,0,0,0,0,0,0,0,0,0,0,0,0,0,0,0,0,0,0,0,0,0,estimated 0-2 and >2 from avg 0-2 fraction per rock from freq rocks
7/11/02,2002,AN,36,30,6,0,0,0,0,0,0,0,0,0,92,,FALSE,4,0,0,0,0,0,0,0,0,0,0,0,0,0,1,0,0,0,0,0,0,0,0,0,estimated 0-2 and >2 from avg 0-2 fraction per rock from freq rocks
7/11/02,2002,AN,37,40,5,0,0,0,0,0,0,0,0,0,75,,FALSE,4,1,1,0,0,0,0,0,0,0,0,0,0,0,0,0,0,0,0,0,0,0,0,0,estimated 0-2 and >2 from avg 0-2 fraction per rock from freq rocks
7/11/02,2002,AN,38,15,2,0,0,0,0,0,0,0,0,0,27,,FALSE,7,2,1,0,0,0,0,0,0,0,0,0,0,0,0,1,0,0,0,0,0,0,0,0,estimated 0-2 and >2 from avg 0-2 fraction per rock from freq rocks
7/11/02,2002,AN,39,30,2,0,0,0,0,0,0,0,0,0,32,,FALSE,3,4,2,0,0,0,0,0,0,0,0,0,0,0,0,0,0,0,0,0,0,0,0,0,estimated 0-2 and >2 from avg 0-2 fraction per rock from freq rocks
7/11/02,2002,AN,40,20,2,0,0,0,0,0,0,0,0,0,35,,FALSE,5,0,0,0,0,0,0,0,0,0,0,0,0,0,0,0,0,0,0,0,0,0,0,0,estimated 0-2 and >2 from avg 0-2 fraction per rock from freq rocks
7/9/02,2002,MR,1,35,0,0,1,2,2,1,2,0,0,0,0,,FALSE,0,0,1,0,0,0,0,0,0,0,0,0,0,0,0,0,0,0,0,0,0,0,0,0,
7/9/02,2002,MR,2,40,0,0,0,0,0,1,0,0,0,0,0,,TRUE,0,0,0,0,0,0,0,0,0,0,0,0,0,0,0,0,0,0,0,0,0,0,0,0,
7/9/02,2002,MR,3,45,0,0,0,1,0,0,0,1,1,0,0,,TRUE,0,0,0,0,0,0,0,0,0,0,0,0,0,0,0,0,0,0,0,0,0,0,0,0,
7/9/02,2002,MR,4,25,0,0,0,1,1,1,1,1,0,0,0,,FALSE,0,0,1,0,0,0,0,0,0,0,0,0,0,0,0,0,0,0,0,0,0,0,0,0,
7/9/02,2002,MR,5,35,0,0,0,1,1,1,3,2,0,0,0,,FALSE,0,0,0,0,0,0,0,0,0,0,0,0,0,1,0,0,0,0,0,0,0,0,0,0,
7/9/02,2002,MR,6,35,0,1,0,0,1,2,4,3,4,1,0,,FALSE,0,0,0,0,0,0,0,0,0,0,0,0,0,1,0,0,0,0,0,0,0,0,0,0,
7/9/02,2002,MR,7,35,0,3,0,0,0,0,1,1,0,4,0,,FALSE,0,0,0,0,0,0,0,1,1,0,0,0,0,0,0,0,0,0,0,0,0,0,0,0,
7/9/02,2002,MR,8,35,0,0,0,1,1,0,0,0,0,2,0,,FALSE,0,0,2,0,0,0,0,0,0,0,0,0,0,0,0,0,0,0,0,0,0,0,0,0,
7/9/02,2002,MR,9,28,0,0,0,0,0,1,0,0,0,1,0,,TRUE,0,0,0,0,0,0,0,0,0,0,0,0,0,0,0,0,0,0,0,0,0,0,0,0,
7/9/02,2002,MR,10,35,0,0,0,0,0,0,0,0,0,0,0,,FALSE,0,0,1,0,0,0,0,0,0,0,0,0,0,0,0,0,0,0,0,0,0,0,0,0,
7/9/02,2002,MR,11,30,0,0,0,0,0,0,1,0,0,0,0,,TRUE,0,0,0,0,0,0,0,0,0,0,0,0,0,0,0,0,0,0,0,0,0,0,0,0,
7/9/02,2002,MR,12,35,4,0,0,0,2,1,0,0,0,1,0,,TRUE,0,0,0,0,0,0,0,0,0,0,0,0,0,0,0,0,0,0,0,0,0,0,0,0,
7/9/02,2002,MR,13,45,0,0,1,1,0,0,1,1,0,0,0,,TRUE,0,0,0,0,0,0,0,0,0,0,0,0,0,0,0,0,0,0,0,0,0,0,0,0,
7/9/02,2002,MR,14,50,0,0,0,0,0,3,1,1,0,0,0,,FALSE,0,0,1,0,0,0,0,0,0,0,0,0,0,0,0,0,0,0,0,0,0,0,0,0,
7/9/02,2002,MR,15,35,0,0,0,0,1,0,0,0,0,0,0,,FALSE,0,0,1,0,0,0,0,0,0,0,0,0,0,0,0,0,0,0,0,0,0,0,0,0,
7/9/02,2002,MR,16,25,0,0,0,0,1,0,0,0,0,0,0,,FALSE,0,0,1,0,0,0,0,0,0,0,0,0,0,0,0,0,0,0,0,0,0,0,0,0,
7/9/02,2002,MR,17,30,0,0,0,2,3,2,0,0,0,0,0,,FALSE,0,0,1,0,0,0,0,0,0,0,0,0,0,0,0,0,0,0,0,0,0,0,0,0,
7/9/02,2002,MR,18,20,0,0,0,0,0,0,0,0,0,0,0,,FALSE,0,3,1,0,0,0,0,0,0,0,0,0,0,0,0,0,0,0,0,0,0,0,0,0,
7/9/02,2002,MR,19,25,0,0,0,1,1,0,3,1,1,0,0,,TRUE,0,0,0,0,0,0,0,0,0,0,0,0,0,0,0,0,0,0,0,0,0,0,0,0,
7/9/02,2002,MR,20,35,0,0,0,1,4,3,5,1,0,0,0,,FALSE,0,0,4,0,0,0,0,0,0,0,0,0,0,0,0,0,0,0,0,0,0,0,0,0,
7/9/02,2002,MR,21,35,4,0,0,0,2,2,1,0,1,1,0,,FALSE,0,0,1,0,0,0,0,0,0,0,0,0,0,0,0,0,0,0,0,0,0,0,0,0,
7/9/02,2002,MR,22,40,1,0,1,0,1,4,2,0,0,1,0,,FALSE,0,0,1,0,0,0,0,0,0,0,0,0,0,0,0,0,0,0,0,0,0,0,0,0,
7/9/02,2002,MR,23,35,15,0,2,0,1,0,3,3,0,0,0,,TRUE,0,0,0,0,0,0,0,0,0,0,0,0,0,0,0,0,0,0,0,0,0,0,0,0,
7/9/02,2002,MR,24,35,1,0,4,7,4,1,1,0,0,0,0,,TRUE,0,0,0,0,0,0,0,0,0,0,0,0,0,0,0,0,0,0,0,0,0,0,0,0,
7/9/02,2002,MR,25,25,11,0,4,6,12,2,4,0,1,0,0,,FALSE,0,0,4,0,0,0,0,0,0,0,0,0,0,0,0,0,0,0,0,0,0,0,0,0,
7/9/02,2002,MR,26,50,0,0,4,1,2,3,0,3,2,0,0,,TRUE,0,0,0,0,0,0,0,0,0,0,0,0,0,0,0,0,0,0,0,0,0,0,0,0,
7/9/02,2002,MR,27,20,6,1,1,2,2,4,2,2,1,1,0,,TRUE,0,0,0,0,0,0,0,0,0,0,0,0,0,0,0,0,0,0,0,0,0,0,0,0,
7/9/02,2002,MR,28,35,0,0,0,2,4,3,2,2,0,0,0,,TRUE,0,0,0,0,0,0,0,0,0,0,0,0,0,0,0,0,0,0,0,0,0,0,0,0,
7/9/02,2002,MR,30,,1,0,0,0,0,0,0,0,0,0,12,,FALSE,0,0,1,0,0,0,0,0,0,0,0,0,0,0,0,0,0,0,0,0,0,0,0,0,estimated 0-2 and >2 from avg 0-2 fraction per rock from freq rocks
7/9/02,2002,MR,29,,1,0,0,0,0,0,0,0,0,0,14,,FALSE,0,0,1,0,0,0,0,0,0,0,0,0,0,0,0,0,0,0,0,0,0,0,0,0,estimated 0-2 and >2 from avg 0-2 fraction per rock from freq rocks
7/9/02,2002,MR,31,,1,0,0,0,0,0,0,0,0,0,17,,FALSE,0,1,1,0,0,0,0,0,0,0,0,0,0,0,0,0,0,0,0,0,0,0,0,0,estimated 0-2 and >2 from avg 0-2 fraction per rock from freq rocks
7/9/02,2002,MR,32,,1,0,0,0,0,0,0,0,0,0,13,,FALSE,0,0,1,0,0,0,0,0,0,0,0,0,0,0,0,0,0,0,0,0,0,0,0,0,estimated 0-2 and >2 from avg 0-2 fraction per rock from freq rocks
7/9/02,2002,MR,33,,1,0,0,0,0,0,0,0,0,0,8,,TRUE,0,0,0,0,0,0,0,0,0,0,0,0,0,0,0,0,0,0,0,0,0,0,0,0,estimated 0-2 and >2 from avg 0-2 fraction per rock from freq rocks
7/9/02,2002,MR,34,,1,0,0,0,0,0,0,0,0,0,16,,FALSE,0,0,1,0,0,0,0,0,0,0,0,0,0,0,0,0,0,0,0,0,0,0,0,0,estimated 0-2 and >2 from avg 0-2 fraction per rock from freq rocks
7/9/02,2002,MR,35,,0,0,0,0,0,0,0,0,0,0,4,,FALSE,0,0,1,0,0,0,0,0,0,0,0,0,0,0,0,0,0,0,0,0,0,0,0,0,estimated 0-2 and >2 from avg 0-2 fraction per rock from freq rocks
7/9/02,2002,MR,36,,1,0,0,0,0,0,0,0,0,0,10,,FALSE,0,0,1,0,0,0,0,0,0,0,0,0,0,0,0,0,0,0,0,0,0,0,0,0,estimated 0-2 and >2 from avg 0-2 fraction per rock from freq rocks
7/9/02,2002,MR,37,,0,0,0,0,0,0,0,0,0,0,4,,FALSE,0,1,1,0,0,0,0,0,0,0,0,0,0,0,0,0,0,0,0,0,0,0,0,0,estimated 0-2 and >2 from avg 0-2 fraction per rock from freq rocks
7/9/02,2002,MR,38,,1,0,0,0,0,0,0,0,0,0,8,,FALSE,0,0,2,0,0,0,0,0,0,0,0,0,0,0,0,0,0,0,0,0,0,0,0,0,estimated 0-2 and >2 from avg 0-2 fraction per rock from freq rocks
7/9/02,2002,MR,39,,0,0,0,0,0,0,0,0,0,0,6,,FALSE,0,0,3,0,0,0,0,0,0,0,0,0,0,0,0,0,0,0,0,0,0,0,0,0,estimated 0-2 and >2 from avg 0-2 fraction per rock from freq rocks
7/9/02,2002,MR,40,,1,0,0,0,0,0,0,0,0,0,7,,FALSE,0,0,2,0,0,0,0,0,0,0,0,0,0,0,0,0,0,0,0,0,0,0,0,0,estimated 0-2 and >2 from avg 0-2 fraction per rock from freq rocks
9/6/02,2002,WP,1,25,0,0,0,0,1,0,0,0,0,0,0,,FALSE,7,1,1,0,0,0,0,0,0,0,0,0,0,0,0,0,0,0,0,0,0,0,0,0,
9/6/02,2002,WP,2,20,0,0,0,1,4,0,0,0,0,0,0,,FALSE,0,0,0,0,0,0,0,0,0,0,0,0,0,0,0,1,0,0,1,0,0,1,0,0,
9/6/02,2002,WP,3,50,6,0,4,2,4,0,0,0,0,0,0,,FALSE,0,0,0,0,0,0,0,0,0,0,0,0,0,0,0,1,0,0,2,0,0,0,0,0,
9/6/02,2002,WP,4,20,0,0,0,0,2,2,0,0,0,0,0,,FALSE,0,0,0,0,0,0,0,0,0,0,0,0,0,0,0,0,0,0,1,0,0,0,0,0,
9/6/02,2002,WP,5,30,0,1,2,4,1,1,0,0,0,0,0,,TRUE,0,0,0,0,0,0,0,0,0,0,0,0,0,0,0,0,0,0,0,0,0,0,0,0,
9/6/02,2002,WP,6,25,0,0,3,4,2,0,0,0,0,0,0,,FALSE,0,0,2,0,0,0,0,0,0,0,0,0,0,0,0,0,0,0,0,0,0,0,0,0,
9/6/02,2002,WP,7,20,0,0,4,20,8,3,1,0,0,0,0,,FALSE,2,2,0,0,0,0,0,0,0,0,0,0,0,0,0,0,0,0,0,0,0,0,0,0,
9/6/02,2002,WP,8,15,0,1,1,10,5,0,0,0,0,0,0,,FALSE,0,1,2,0,0,0,0,0,0,0,0,0,0,0,0,0,0,0,0,0,0,0,0,0,
9/6/02,2002,WP,9,25,0,1,4,11,3,8,0,0,0,0,0,,FALSE,1,0,0,0,0,0,0,0,0,0,0,0,0,0,0,0,0,0,0,0,1,0,0,0,
9/6/02,2002,WP,10,30,0,0,0,2,3,8,3,0,0,0,0,,FALSE,0,0,1,0,0,0,0,0,0,0,0,0,0,0,0,0,0,0,0,0,0,0,0,0,
9/6/02,2002,WP,11,30,0,6,11,8,8,6,1,0,0,0,0,,FALSE,4,1,1,0,0,0,0,0,0,0,0,0,0,0,0,0,0,0,0,0,0,0,0,0,
9/6/02,2002,WP,12,30,0,1,1,3,3,12,11,4,0,0,0,,TRUE,0,0,0,0,0,0,0,0,0,0,0,0,0,0,0,0,0,0,0,0,0,0,0,0,
9/6/02,2002,WP,13,30,0,1,2,10,12,15,2,3,0,0,0,,FALSE,0,1,0,0,0,0,0,0,0,0,0,0,0,0,0,0,0,0,0,1,0,0,0,0,
9/6/02,2002,WP,14,20,0,0,0,0,0,0,0,0,0,0,0,,FALSE,2,1,2,0,0,0,0,0,0,0,0,0,0,0,0,0,0,0,0,0,0,0,0,0,
9/6/02,2002,WP,15,20,1,3,0,0,0,0,0,0,0,0,0,,FALSE,4,0,0,0,0,0,0,0,0,0,0,0,0,0,0,0,0,0,0,0,0,0,0,0,TOT>2 incl 3 2-4mm
9/6/02,2002,WP,16,25,0,0,0,0,0,0,0,0,0,0,0,,FALSE,0,1,0,0,0,0,0,0,0,0,0,0,0,0,0,0,0,0,0,0,0,0,0,0,
9/6/02,2002,WP,17,25,2,17,0,0,0,0,0,0,0,0,0,,FALSE,2,0,0,0,0,0,0,0,0,0,0,0,0,0,0,0,0,0,0,0,0,0,0,0,TOT>2 incl 17 2-4mm
9/6/02,2002,WP,18,20,2,1,0,0,0,0,0,0,0,0,0,,FALSE,0,1,0,0,0,0,0,0,0,0,0,0,0,0,0,0,0,0,0,0,0,0,0,0,TOT>2 incl 1 2-4mm
9/7/02,2002,GC,1,25,0,0,0,0,1,0,0,0,0,0,0,,FALSE,0,2,1,0,0,0,0,0,0,0,0,0,0,0,0,0,0,0,0,0,0,0,0,0,
9/7/02,2002,GC,2,40,2,16,3,4,4,1,1,1,0,0,0,,FALSE,1,0,0,0,0,0,0,0,0,0,0,0,0,0,0,0,0,0,0,0,0,0,0,0,
9/7/02,2002,GC,3,25,0,11,4,7,3,2,1,0,0,0,0,,FALSE,3,2,0,0,0,0,0,0,0,1,0,0,0,0,0,0,0,0,0,0,0,0,0,0,
9/7/02,2002,GC,4,30,1,22,11,14,9,5,2,0,0,0,0,,FALSE,2,3,0,0,0,0,0,0,0,0,1,0,0,0,0,0,0,0,0,0,0,0,0,0,
9/7/02,2002,GC,5,30,0,27,4,9,7,5,2,1,0,0,0,,TRUE,0,0,0,0,0,0,0,0,0,0,0,0,0,0,0,0,0,0,0,0,0,0,0,0,
9/7/02,2002,GC,6,25,0,7,0,0,0,0,0,0,0,0,0,,FALSE,4,1,2,0,0,0,1,0,0,1,0,0,0,0,0,0,0,0,0,0,0,0,0,0,
9/7/02,2002,GC,7,25,0,3,0,0,0,0,0,0,0,0,0,,FALSE,2,1,0,0,0,0,0,0,0,0,0,0,0,0,0,0,0,0,0,0,0,0,0,0,
9/7/02,2002,GC,8,25,0,1,0,0,0,0,0,0,0,0,0,,FALSE,1,1,1,0,0,0,0,0,0,0,0,0,0,0,0,0,0,0,0,0,0,0,0,0,
9/7/02,2002,GC,9,25,0,9,0,0,0,0,0,0,0,0,0,,FALSE,9,1,0,0,0,0,0,0,0,0,0,0,0,0,0,0,0,0,0,0,0,0,0,0,
9/7/02,2002,GC,10,30,0,4,0,0,0,0,0,0,0,0,0,,FALSE,2,0,0,0,0,0,0,0,0,0,0,0,0,0,0,0,0,0,0,0,0,0,0,0,
9/7/02,2002,GC,11,25,7,18,5,11,2,0,0,0,0,0,0,,FALSE,4,2,1,0,0,0,0,0,0,0,0,0,0,0,0,0,0,0,0,0,0,0,0,0,
9/7/02,2002,GC,12,25,8,26,19,6,4,0,1,0,0,0,0,,FALSE,5,1,2,0,0,0,0,0,0,0,0,0,0,0,0,0,0,0,0,0,0,0,0,0,
9/7/02,2002,GC,13,20,8,9,0,0,0,0,0,0,0,0,0,,FALSE,1,0,0,0,0,0,0,0,0,0,0,0,0,0,0,0,0,0,0,0,0,0,0,0,
9/7/02,2002,GC,14,25,3,14,0,0,0,0,0,0,0,0,0,,FALSE,3,1,0,0,0,0,0,0,0,1,0,0,0,0,0,0,0,0,0,0,0,0,0,0,
9/7/02,2002,GC,15,30,1,14,0,0,0,0,0,0,0,0,0,,FALSE,2,1,1,0,0,0,0,0,0,0,0,0,0,0,0,1,0,0,0,0,0,0,0,0,
9/7/02,2002,GC,16,25,4,25,0,0,0,0,0,0,0,0,0,,FALSE,2,1,0,0,0,0,0,0,0,0,0,0,0,0,0,0,0,0,0,0,0,0,0,0,
9/7/02,2002,GC,17,25,3,8,0,0,0,0,0,0,0,0,0,,TRUE,0,0,0,0,0,0,0,0,0,0,0,0,0,0,0,0,0,0,0,0,0,0,0,0,
9/7/02,2002,GC,18,25,0,6,0,0,0,0,0,0,0,0,0,,FALSE,6,1,0,0,0,0,0,0,0,0,0,0,0,0,0,0,0,0,0,0,0,0,0,0,
8/12/02,2002,RR,1,30,2,1,0,1,2,2,0,1,0,0,0,0,FALSE,0,1,3,0,0,0,0,0,0,0,0,0,0,0,0,0,0,0,0,0,0,0,0,0,
8/12/02,2002,RR,2,20,2,1,2,4,2,0,1,0,0,0,0,0,FALSE,0,1,1,0,0,0,0,0,0,0,0,0,0,0,0,0,0,0,0,0,0,0,0,0,
8/12/02,2002,RR,3,40,5,7,10,7,8,3,1,0,0,0,0,2,FALSE,3,1,4,0,0,0,0,0,0,0,0,0,0,0,0,0,0,0,0,0,0,0,0,0,
8/12/02,2002,RR,4,25,1,3,6,4,0,0,0,1,0,0,0,0,FALSE,1,1,1,0,0,0,0,0,0,0,0,0,0,0,0,0,0,0,0,0,0,0,0,0,
8/12/02,2002,RR,5,30,4,6,9,9,7,5,3,1,0,0,0,1,FALSE,3,1,3,0,0,0,0,0,0,0,0,0,0,0,0,0,0,0,0,0,0,0,0,0,
8/12/02,2002,RR,6,25,4,5,1,3,1,2,1,0,0,0,0,1,FALSE,4,0,2,0,0,0,0,0,0,0,0,0,0,0,0,0,0,0,0,0,0,0,0,0,
8/12/02,2002,RR,7,25,3,8,4,6,6,2,1,1,0,0,0,2,FALSE,3,0,3,0,0,0,0,0,0,0,0,0,0,0,0,0,0,0,0,0,0,0,0,0,
8/12/02,2002,RR,8,25,0,7,3,4,3,4,4,1,0,0,0,1,FALSE,4,0,1,0,0,0,0,0,0,0,0,0,0,0,0,0,0,0,0,0,0,0,0,0,
8/12/02,2002,RR,9,30,2,12,5,3,4,3,0,0,0,0,0,1,FALSE,2,4,2,0,0,0,0,0,0,0,0,0,0,0,0,0,0,0,0,0,0,0,0,0,
8/12/02,2002,RR,10,30,4,0,0,0,0,0,0,0,0,0,0,,FALSE,4,1,1,0,0,0,0,0,0,0,0,0,0,0,0,0,0,0,0,0,0,0,0,0,
8/12/02,2002,RR,11,25,4,0,0,0,0,0,0,0,0,0,0,,FALSE,1,1,0,0,0,0,0,0,0,0,0,0,0,0,0,0,0,0,0,0,0,0,0,0,
8/12/02,2002,RR,12,25,4,0,0,0,0,0,0,0,0,0,0,,FALSE,6,1,2,0,0,0,0,0,0,0,0,0,0,0,0,0,0,0,0,0,0,0,0,0,
8/12/02,2002,RR,13,25,4,0,0,0,0,0,0,0,0,0,0,,FALSE,4,0,0,0,0,0,0,0,0,0,0,0,0,0,0,0,0,0,0,0,0,0,0,0,
8/12/02,2002,RR,14,25,3,0,0,0,0,0,0,0,0,0,0,,FALSE,1,0,3,0,0,0,0,0,0,1,0,0,0,0,0,0,0,0,0,0,0,0,0,0,
8/12/02,2002,RR,15,25,0,0,0,0,0,0,0,0,0,0,0,,FALSE,5,1,2,0,0,0,0,0,0,0,0,0,0,0,0,0,0,0,0,0,0,0,0,0,
8/12/02,2002,RR,16,20,0,0,0,0,0,0,0,0,0,0,0,,FALSE,2,1,3,0,0,0,0,0,1,0,2,0,0,0,0,0,0,0,0,0,0,0,0,0,
8/12/02,2002,RR,17,30,4,0,0,0,0,0,0,0,0,0,0,,FALSE,2,1,1,0,0,0,0,0,0,0,0,0,0,0,0,0,0,0,0,0,0,0,0,0,
8/12/02,2002,RR,18,25,0,0,0,0,0,0,0,0,0,0,0,,FALSE,13,1,1,0,0,0,0,0,0,1,0,0,0,0,0,0,0,0,0,0,0,0,0,0,
8/12/02,2002,RR,19,25,1,0,0,0,0,0,0,0,0,0,0,,FALSE,1,2,1,0,0,0,0,0,0,1,1,0,0,0,0,0,0,0,0,0,0,0,0,0,
8/12/02,2002,RR,20,25,4,0,0,0,0,0,0,0,0,0,0,,FALSE,8,3,2,0,0,0,0,0,0,0,0,0,0,0,0,0,0,0,0,0,0,0,0,0,
8/12/02,2002,RR,21,35,1,0,0,0,0,0,0,0,0,0,0,,FALSE,7,6,1,0,0,0,0,0,0,0,0,0,0,0,0,0,0,0,0,0,0,0,0,0,
8/12/02,2002,RR,22,35,0,0,0,0,0,0,0,0,0,0,0,,FALSE,0,0,3,0,0,0,0,0,1,0,0,0,0,0,0,0,0,1,0,0,0,0,0,0,
8/12/02,2002,RR,23,20,4,0,0,0,0,0,0,0,0,0,0,,FALSE,1,3,2,0,0,0,0,0,0,0,1,0,0,0,0,0,0,0,0,0,0,0,0,0,
8/12/02,2002,RR,24,25,4,0,0,0,0,0,0,0,0,0,0,,FALSE,6,3,3,0,0,0,0,0,0,0,0,0,0,0,0,0,0,0,0,0,0,0,0,0,
8/12/02,2002,RR,25,30,2,0,0,0,0,0,0,0,0,0,0,,FALSE,8,2,3,0,0,0,0,0,0,0,0,0,0,0,0,0,0,0,0,0,0,0,0,0,
8/12/02,2002,RR,26,30,2,0,0,0,0,0,0,0,0,0,0,,FALSE,7,3,2,0,0,0,0,0,0,0,0,0,0,0,0,0,0,0,0,0,0,0,0,0,
8/12/02,2002,RR,27,35,4,0,0,0,0,0,0,0,0,0,0,,FALSE,5,1,4,0,0,0,0,0,0,0,0,0,0,0,0,0,0,0,0,0,0,0,0,0,
8/12/02,2002,RR,28,25,1,0,0,0,0,0,0,0,0,0,0,,FALSE,5,1,0,0,0,0,0,0,0,0,1,0,0,0,0,0,0,0,0,0,0,1,0,0,
8/12/02,2002,RR,29,30,3,0,0,0,0,0,0,0,0,0,0,,FALSE,4,0,1,0,0,0,0,0,0,0,0,0,0,0,0,0,0,0,0,0,0,0,0,0,
8/12/02,2002,RR,30,25,0,0,0,0,0,0,0,0,0,0,0,,FALSE,4,1,1,0,0,0,0,0,0,0,0,0,0,0,0,0,0,0,0,0,0,0,0,0,
8/12/02,2002,RR,31,30,4,0,0,0,0,0,0,0,0,0,0,,FALSE,4,1,3,0,0,0,0,0,0,0,0,0,0,0,0,0,0,0,0,0,0,0,0,0,
8/12/02,2002,RR,32,35,0,0,0,0,0,0,0,0,0,0,0,,FALSE,4,2,3,0,0,0,0,0,0,0,0,0,0,0,0,0,0,0,0,0,0,0,0,0,
8/12/02,2002,RR,33,35,0,0,0,0,0,0,0,0,0,0,0,,FALSE,5,2,2,0,0,0,0,0,0,0,0,1,0,0,0,0,0,1,0,0,0,0,0,0,
8/12/02,2002,RR,34,30,11,0,0,0,0,0,0,0,0,0,0,,FALSE,11,1,0,0,0,0,0,0,0,0,0,0,0,0,0,0,0,0,0,0,0,0,0,0,
8/12/02,2002,RR,35,25,3,0,0,0,0,0,0,0,0,0,0,,FALSE,7,7,0,0,0,0,0,0,0,0,0,0,0,0,0,0,0,0,0,0,0,0,0,0,
8/12/02,2002,RR,36,20,0,0,0,0,0,0,0,0,0,0,0,,FALSE,7,2,2,0,0,0,0,0,0,0,0,0,0,0,0,0,0,0,0,0,0,0,0,0,
8/12/02,2002,RR,37,25,0,0,0,0,0,0,0,0,0,0,0,,FALSE,4,3,3,0,0,0,0,0,0,0,0,0,0,0,0,0,0,0,0,0,0,0,0,0,
8/12/02,2002,RR,38,30,1,0,0,0,0,0,0,0,0,0,0,,FALSE,20,5,1,0,0,0,0,0,0,1,0,0,0,0,0,0,0,0,0,0,0,0,0,0,
8/12/02,2002,RR,39,35,5,0,0,0,0,0,0,0,0,0,0,,FALSE,12,3,0,0,0,0,0,0,0,0,0,0,0,0,0,0,0,0,0,0,0,0,0,0,
8/12/02,2002,RR,40,30,7,0,0,0,0,0,0,0,0,0,0,,FALSE,10,2,3,0,0,0,0,0,0,0,0,0,0,0,0,0,0,0,0,0,0,0,0,0,
7/27/02,2002,IP,1,30,0,3,0,4,1,1,1,0,0,0,0,1,TRUE,0,0,0,0,0,0,0,0,0,0,0,0,0,0,0,0,0,0,0,0,0,0,0,0,
7/27/02,2002,IP,2,30,30,32,25,12,8,1,2,0,0,0,0,3,TRUE,0,0,0,0,0,0,0,0,0,0,0,0,0,0,0,0,0,0,0,0,0,0,0,0,
7/27/02,2002,IP,3,15,2,3,3,1,1,0,0,3,0,0,0,2,TRUE,0,0,0,0,0,0,0,0,0,0,0,0,0,0,0,0,0,0,0,0,0,0,0,0,
7/27/02,2002,IP,4,15,2,2,5,0,1,0,0,0,0,0,0,0,FALSE,1,0,0,0,0,0,0,0,0,0,0,0,0,0,0,0,0,0,0,0,0,0,0,0,
7/27/02,2002,IP,5,25,7,4,4,8,3,0,0,0,0,0,0,0,FALSE,1,1,0,0,0,0,0,0,0,0,0,0,0,0,0,0,0,0,0,0,0,0,0,0,
7/27/02,2002,IP,6,25,1,0,0,0,0,0,0,0,0,0,0,,TRUE,0,0,0,0,0,0,0,0,0,0,0,0,0,0,0,0,0,0,0,0,0,0,0,0,
7/27/02,2002,IP,7,20,2,0,0,0,0,0,0,0,0,0,0,,TRUE,0,0,0,0,0,0,0,0,0,0,0,0,0,0,0,0,0,0,0,0,0,0,0,0,
7/27/02,2002,IP,8,15,0,0,0,0,0,0,0,0,0,0,0,,FALSE,0,0,0,0,0,0,0,0,0,0,0,0,0,0,0,1,0,0,0,0,0,0,0,0,
7/27/02,2002,IP,9,35,5,0,0,0,0,0,0,0,0,0,0,,TRUE,0,0,0,0,0,0,0,0,0,0,0,0,0,0,0,0,0,0,0,0,0,0,0,0,
7/27/02,2002,IP,10,30,5,5,12,6,8,0,0,0,0,0,0,0,FALSE,2,0,0,0,0,0,0,0,0,0,0,0,0,0,0,0,0,0,0,0,0,0,0,0,
7/27/02,2002,IP,11,25,4,0,7,10,1,0,0,0,0,0,0,0,TRUE,0,0,0,0,0,0,0,0,0,0,0,0,0,0,0,0,0,0,0,0,0,0,0,0,
7/27/02,2002,IP,12,20,2,0,2,7,2,0,0,1,0,0,0,0,FALSE,2,1,1,0,0,0,0,0,0,0,0,0,0,0,0,0,0,0,0,0,0,0,0,0,
7/27/02,2002,IP,13,30,8,2,13,7,7,8,1,1,0,0,0,0,FALSE,8,3,0,0,0,0,0,0,0,0,0,0,0,0,0,0,0,0,0,0,0,0,0,0,
7/27/02,2002,IP,14,20,3,0,0,0,0,0,0,0,0,0,0,,TRUE,0,0,0,0,0,0,0,0,0,0,0,0,0,0,0,0,0,0,0,0,0,0,0,0,
7/27/02,2002,IP,15,25,3,0,0,0,0,0,0,0,0,0,0,,FALSE,4,0,0,0,0,0,0,0,0,0,0,0,0,0,0,0,0,0,0,0,0,0,0,0,
7/27/02,2002,IP,16,40,6,0,0,0,0,0,0,0,0,0,0,,FALSE,1,0,0,0,0,0,0,0,0,0,0,0,0,0,0,0,0,0,0,0,0,0,0,0,
7/27/02,2002,IP,17,35,14,0,0,0,0,0,0,0,0,0,0,,FALSE,2,0,0,0,0,0,0,0,0,0,0,0,0,0,0,0,0,0,0,0,0,0,0,0,
7/27/02,2002,IP,18,45,19,0,0,0,0,0,0,0,0,0,0,,FALSE,3,1,0,0,0,0,0,0,0,0,0,0,0,0,0,0,0,0,0,0,0,0,0,0,
7/27/02,2002,IP,19,25,0,0,0,0,0,0,0,0,0,0,0,,FALSE,1,0,0,0,0,0,0,0,0,0,0,0,0,0,0,0,0,0,0,0,0,0,0,0,
7/27/02,2002,IP,20,15,0,0,0,0,0,0,0,0,0,0,0,,FALSE,1,1,2,0,0,0,0,0,0,0,0,0,0,0,0,0,0,0,0,0,0,0,0,0,
7/27/02,2002,IP,21,25,6,0,0,0,0,0,0,0,0,0,0,,TRUE,0,0,0,0,0,0,0,0,0,0,0,0,0,0,0,0,0,0,0,0,0,0,0,0,
7/27/02,2002,IP,22,30,13,0,0,0,0,0,0,0,0,0,0,,TRUE,0,0,0,0,0,0,0,0,0,0,0,0,0,0,0,0,0,0,0,0,0,0,0,0,
7/27/02,2002,IP,23,20,0,0,0,0,0,0,0,0,0,0,0,,FALSE,2,0,1,0,0,0,0,0,0,0,0,0,0,0,0,0,0,0,0,0,0,0,0,0,
7/27/02,2002,IP,24,40,0,0,0,0,0,0,0,0,0,0,0,,TRUE,0,0,0,0,0,0,0,0,0,0,0,0,0,0,0,0,0,0,0,0,0,0,0,0,
7/27/02,2002,IP,25,40,1,0,0,0,0,0,0,0,0,0,0,,FALSE,0,0,0,0,0,0,0,0,0,0,0,0,0,0,0,0,0,1,0,0,0,0,0,1,
7/27/02,2002,IP,26,25,6,0,0,0,0,0,0,0,0,0,0,,FALSE,4,2,0,0,0,0,0,0,0,0,0,0,0,0,0,0,0,0,0,0,0,0,0,0,
7/27/02,2002,IP,27,25,0,0,0,0,0,0,0,0,0,0,0,,FALSE,2,2,0,0,0,0,0,0,0,0,0,0,0,0,0,0,0,0,0,0,0,0,0,0,
7/27/02,2002,IP,28,20,0,0,0,0,0,0,0,0,0,0,0,,FALSE,1,1,0,0,0,0,0,0,0,0,0,0,0,0,0,0,0,0,0,0,0,0,0,0,
7/27/02,2002,IP,29,,48,0,0,0,0,0,0,0,0,0,0,,FALSE,1,0,0,0,0,0,0,0,0,0,0,0,0,0,0,0,0,0,0,0,0,0,0,0,
7/27/02,2002,IP,30,40,0,0,0,0,0,0,0,0,0,0,0,,TRUE,0,0,0,0,0,0,0,0,0,0,0,0,0,0,0,0,0,0,0,0,0,0,0,0,
7/27/02,2002,IP,31,35,5,0,0,0,0,0,0,0,0,0,0,,FALSE,0,0,0,0,0,0,0,0,0,0,1,0,0,0,0,0,0,0,0,0,0,0,0,0,
7/27/02,2002,IP,32,30,0,0,0,0,0,0,0,0,0,0,0,,FALSE,0,1,1,0,0,0,0,0,0,0,0,0,0,0,0,0,0,0,0,0,0,0,0,0,
7/27/02,2002,IP,33,40,6,0,0,0,0,0,0,0,0,0,0,,FALSE,2,1,0,0,0,0,0,0,0,0,0,0,0,0,0,0,0,0,0,0,0,0,0,0,
7/27/02,2002,IP,34,,16,0,0,0,0,0,0,0,0,0,0,,FALSE,4,1,2,0,0,0,0,0,0,0,0,0,0,0,0,0,0,0,0,0,0,0,0,0,
7/27/02,2002,IP,35,25,3,0,0,0,0,0,0,0,0,0,0,,FALSE,4,2,1,0,0,0,0,0,0,0,0,0,0,0,0,0,0,0,0,0,0,0,0,0,
7/27/02,2002,IP,36,30,16,0,0,0,0,0,0,0,0,0,0,,FALSE,2,1,0,0,0,0,0,0,0,0,0,0,0,0,0,0,0,0,0,0,0,0,0,0,
7/27/02,2002,IP,37,20,0,0,0,0,0,0,0,0,0,0,0,,FALSE,1,1,0,0,0,0,0,0,0,0,0,0,0,0,0,0,0,0,0,0,0,0,0,0,
7/27/02,2002,IP,38,40,0,0,0,0,0,0,0,0,0,0,0,,FALSE,8,6,2,0,0,0,0,0,0,0,1,0,0,0,0,0,0,0,0,0,0,0,0,0,
7/27/02,2002,IP,39,20,1,0,0,0,0,0,0,0,0,0,0,,FALSE,1,2,2,0,0,0,0,0,0,0,0,0,0,0,0,0,0,0,0,0,0,0,0,0,
7/27/02,2002,IP,40,35,0,0,0,0,0,0,0,0,0,0,0,,FALSE,1,0,0,0,0,0,0,0,0,0,0,0,0,0,0,0,0,0,0,0,0,0,1,0,
7/23/02,2002,PG,1,30,17,0,2,9,9,7,0,0,0,0,0,0,FALSE,0,0,1,0,0,0,0,0,0,0,0,0,0,0,0,0,0,0,0,0,0,0,0,0,
7/23/02,2002,PG,2,20,0,2,0,4,6,1,0,0,0,0,0,0,FALSE,1,1,1,0,0,0,0,0,0,0,0,0,0,0,0,0,0,0,0,0,0,0,0,0,
7/23/02,2002,PG,3,20,22,4,5,15,16,11,1,0,0,0,0,0,FALSE,1,0,4,0,0,0,0,0,0,0,0,0,0,0,0,0,0,0,0,0,0,0,0,0,
7/23/02,2002,PG,4,30,8,0,2,10,11,4,0,0,0,0,0,0,FALSE,0,1,3,1,0,0,0,0,0,0,0,0,0,0,0,0,0,0,0,0,0,0,0,0,
7/23/02,2002,PG,5,35,39,0,0,10,14,3,1,1,0,0,0,0,FALSE,0,0,3,0,0,0,0,0,0,0,0,0,0,0,0,0,0,0,0,0,0,0,0,0,
7/23/02,2002,PG,6,20,5,0,0,0,0,0,0,0,0,0,0,0,TRUE,0,0,0,0,0,0,0,0,0,0,0,0,0,0,0,0,0,0,0,0,0,0,0,0,
7/23/02,2002,PG,7,25,1,0,0,0,0,0,0,0,0,0,0,0,FALSE,0,1,0,0,0,0,0,0,0,0,0,0,0,0,0,0,0,0,0,0,0,0,0,0,
7/23/02,2002,PG,8,20,5,0,0,0,0,0,0,0,0,0,0,0,FALSE,0,0,1,0,0,0,0,0,0,0,0,0,0,0,0,0,0,0,0,0,0,0,0,0,
7/23/02,2002,PG,9,25,5,0,0,0,0,0,0,0,0,0,0,0,FALSE,0,0,3,0,0,0,0,0,0,0,0,0,0,0,0,0,0,0,0,0,0,0,0,0,
7/23/02,2002,PG,10,25,1,0,0,0,0,0,0,0,0,0,0,0,FALSE,0,0,3,0,0,0,0,0,0,0,0,0,0,0,0,0,0,0,0,0,0,0,0,0,
7/23/02,2002,PG,11,40,0,0,0,0,0,0,0,0,0,0,0,0,FALSE,0,1,2,0,0,0,0,0,0,0,0,0,0,0,0,0,0,0,0,0,0,0,0,0,
7/23/02,2002,PG,12,30,2,0,0,0,0,0,0,0,0,0,0,0,TRUE,0,0,0,0,0,0,0,0,0,0,0,0,0,0,0,0,0,0,0,0,0,0,0,0,
7/23/02,2002,PG,13,25,7,2,6,10,8,6,4,0,0,0,0,0,FALSE,0,1,2,0,0,0,0,0,0,0,0,0,0,0,0,0,0,0,0,0,0,0,0,0,
7/23/02,2002,PG,14,35,2,0,0,0,0,0,0,0,0,0,0,0,FALSE,0,0,6,0,0,1,0,0,0,0,0,0,0,0,0,0,0,0,0,0,0,0,0,0,
7/23/02,2002,PG,15,25,7,0,0,0,0,0,0,0,0,0,0,0,FALSE,0,0,4,0,0,0,0,0,0,0,0,0,0,0,0,0,0,0,0,0,0,0,0,0,
7/23/02,2002,PG,16,30,3,2,8,6,8,0,3,0,0,0,0,0,FALSE,0,0,1,0,0,0,0,0,0,0,0,0,0,0,0,0,0,0,0,0,0,0,0,0,
7/23/02,2002,PG,17,40,5,0,0,0,0,0,0,0,0,0,0,0,FALSE,0,0,6,0,0,0,0,0,0,0,0,0,0,0,0,0,0,0,0,0,0,0,0,0,
7/23/02,2002,PG,18,35,11,0,0,0,0,0,0,0,0,0,0,0,FALSE,0,1,2,0,0,0,0,0,0,0,0,1,0,0,0,0,0,0,0,0,0,0,0,0,
7/23/02,2002,PG,19,20,3,0,0,0,0,0,0,0,0,0,0,0,FALSE,0,0,2,0,0,0,0,0,0,0,0,0,0,0,0,0,0,0,0,0,0,0,0,0,
7/23/02,2002,PG,20,25,3,0,0,0,0,0,0,0,0,0,0,0,FALSE,0,0,1,0,0,0,0,0,0,0,0,0,0,0,0,0,0,0,0,0,0,0,0,0,
7/23/02,2002,PG,21,25,10,0,0,0,0,0,0,0,0,0,0,0,FALSE,0,0,3,0,0,0,0,0,0,0,0,0,0,0,0,0,0,0,0,0,0,0,0,0,
7/23/02,2002,PG,22,20,4,0,0,0,0,0,0,0,0,0,0,0,FALSE,0,0,2,0,0,0,0,0,0,0,0,0,0,0,0,0,0,0,0,0,0,0,0,0,
7/23/02,2002,PG,23,20,1,0,0,0,0,0,0,0,0,0,0,0,FALSE,1,0,1,0,1,0,0,0,0,0,0,0,0,0,0,0,0,0,0,0,0,0,0,0,
7/23/02,2002,PG,24,25,10,0,0,0,0,0,0,0,0,0,0,0,FALSE,0,0,1,0,0,0,0,0,0,0,0,0,0,1,0,0,0,0,0,0,0,0,0,0,
7/23/02,2002,PG,25,20,1,0,0,0,0,0,0,0,0,0,0,0,FALSE,0,0,2,0,0,0,0,0,0,0,0,0,0,0,0,0,0,0,0,0,0,0,0,0,
7/23/02,2002,PG,26,30,2,0,0,0,0,0,0,0,0,0,0,0,FALSE,0,0,2,0,0,0,0,0,0,0,0,0,0,0,0,0,0,0,0,0,0,0,0,0,
7/23/02,2002,PG,27,15,1,0,0,0,0,0,0,0,0,0,0,0,FALSE,0,2,2,0,0,0,0,0,0,0,0,0,0,0,0,0,0,0,0,0,0,0,0,0,
7/23/02,2002,PG,28,35,2,0,0,0,0,0,0,0,0,0,0,0,FALSE,0,0,1,0,0,0,0,0,0,0,0,0,0,0,0,0,0,0,0,0,0,0,0,0,
7/23/02,2002,PG,29,25,1,0,0,0,0,0,0,0,0,0,0,0,FALSE,0,0,3,0,0,0,0,0,0,0,0,0,0,0,0,0,0,0,0,0,0,0,0,0,
7/23/02,2002,PG,30,20,2,0,0,0,0,0,0,0,0,0,0,0,FALSE,0,0,1,0,0,0,0,0,0,0,0,0,0,0,0,0,0,0,0,0,0,0,0,0,
7/23/02,2002,PG,31,15,5,0,0,0,0,0,0,0,0,0,0,0,FALSE,0,4,2,0,0,0,0,0,0,0,0,0,0,0,0,0,0,0,0,0,0,0,0,0,
7/23/02,2002,PG,32,30,3,0,0,0,0,0,0,0,0,0,0,0,FALSE,0,0,2,0,0,0,0,0,0,0,0,0,0,0,0,0,0,0,0,0,0,0,0,0,
7/23/02,2002,PG,33,25,4,0,0,0,0,0,0,0,0,0,0,0,FALSE,1,0,4,0,0,0,0,0,0,0,0,0,0,0,0,0,0,0,0,0,0,0,0,0,
7/23/02,2002,PG,34,25,6,0,0,0,0,0,0,0,0,0,0,0,FALSE,0,0,1,0,0,0,0,0,0,0,0,0,0,0,0,0,0,0,0,0,0,0,0,0,
7/23/02,2002,PG,35,25,1,0,0,0,0,0,0,0,0,0,0,0,FALSE,0,0,3,0,0,0,0,0,0,0,0,0,0,0,0,0,0,0,0,0,0,0,0,0,
7/23/02,2002,PG,36,20,3,0,0,0,0,0,0,0,0,0,0,0,FALSE,0,2,2,1,0,0,0,0,0,0,0,0,0,0,0,0,0,0,0,0,0,0,0,0,
7/23/02,2002,PG,37,30,0,0,0,0,0,0,0,0,0,0,0,0,FALSE,0,0,1,0,0,0,0,0,0,0,0,0,0,0,0,0,0,0,0,0,0,0,0,0,
7/23/02,2002,PG,38,25,5,0,0,0,0,0,0,0,0,0,0,0,FALSE,1,1,3,0,0,0,0,0,0,0,0,0,0,0,0,0,0,0,0,0,0,0,0,0,
7/23/02,2002,PG,39,40,6,0,0,0,0,0,0,0,0,0,0,0,FALSE,0,4,3,0,0,0,0,0,0,0,0,0,0,0,0,0,0,0,0,0,0,0,0,0,
7/23/02,2002,PG,40,30,6,0,0,0,0,0,0,0,0,0,0,0,FALSE,0,1,3,0,0,0,0,0,0,0,1,0,0,0,2,0,0,0,0,0,0,0,0,0,
7/24/02,2002,PP,1,20,0,0,1,0,2,3,1,0,0,0,0,0,TRUE,0,0,0,0,0,0,0,0,0,0,0,0,0,0,0,0,0,0,0,0,0,0,0,0,
7/24/02,2002,PP,2,20,0,0,0,1,1,2,0,1,1,0,0,0,TRUE,0,0,0,0,0,0,0,0,0,0,0,0,0,0,0,0,0,0,0,0,0,0,0,0,
7/24/02,2002,PP,3,20,4,0,1,5,3,5,0,1,1,0,0,0,TRUE,0,0,0,0,0,0,0,0,0,0,0,0,0,0,0,0,0,0,0,0,0,0,0,0,
7/24/02,2002,PP,4,20,3,0,2,2,5,7,2,1,0,0,0,6,FALSE,0,0,0,0,0,0,0,0,0,0,0,0,0,0,0,0,1,0,0,0,0,0,0,0,
7/24/02,2002,PP,5,20,0,0,1,1,5,7,1,1,0,0,0,6,TRUE,0,0,0,0,0,0,0,0,0,0,0,0,0,0,0,0,0,0,0,0,0,0,0,0,
7/24/02,2002,PP,6,20,2,0,5,7,4,4,5,0,1,0,0,3,FALSE,0,0,0,0,0,0,0,0,0,0,0,0,0,0,0,0,1,0,0,0,0,0,0,0,
7/24/02,2002,PP,7,30,0,0,0,0,3,1,3,0,1,0,0,0,FALSE,0,0,0,0,0,0,0,0,0,0,0,0,0,0,0,0,0,0,0,0,0,0,0,1,
7/24/02,2002,PP,8,25,1,0,0,2,4,3,2,0,0,1,0,1,TRUE,0,0,0,0,0,0,0,0,0,0,0,0,0,0,0,0,0,0,0,0,0,0,0,0,
7/24/02,2002,PP,9,25,0,0,0,0,0,0,0,0,0,0,0,0,TRUE,0,0,0,0,0,0,0,0,0,0,0,0,0,0,0,0,0,0,0,0,0,0,0,0,
7/24/02,2002,PP,10,45,0,0,0,1,7,8,13,2,1,0,0,5,FALSE,0,0,0,0,0,0,0,0,0,0,0,0,0,0,0,1,0,0,0,0,0,0,0,0,
7/24/02,2002,PP,11,15,0,0,0,0,2,1,0,0,0,0,0,0,FALSE,0,0,0,0,0,0,0,0,0,1,0,0,0,0,0,0,0,0,0,0,0,0,1,0,
7/24/02,2002,PP,12,25,1,0,2,7,4,6,5,4,0,0,0,4,TRUE,0,0,0,0,0,0,0,0,0,0,0,0,0,0,0,0,0,0,0,0,0,0,0,0,
7/24/02,2002,PP,13,15,6,1,1,2,1,4,2,0,0,0,0,2,TRUE,0,0,0,0,0,0,0,0,0,0,0,0,0,0,0,0,0,0,0,0,0,0,0,0,
7/24/02,2002,PP,14,,10,0,5,5,0,9,3,1,1,0,0,7,FALSE,0,0,0,0,0,0,0,0,0,0,0,1,0,0,0,1,0,0,0,0,0,0,0,0,
7/24/02,2002,PP,15,25,0,4,10,8,3,2,0,0,0,0,0,1,FALSE,0,0,0,0,0,0,0,1,0,0,0,0,0,0,0,0,0,0,0,0,0,0,0,0,
7/24/02,2002,PP,16,20,0,0,0,0,0,0,0,0,0,0,0,0,TRUE,0,0,0,0,0,0,0,0,0,0,0,0,0,0,0,0,0,0,0,0,0,0,0,0,
7/24/02,2002,PP,17,20,6,0,0,0,0,0,0,0,0,0,0,0,FALSE,0,0,0,0,0,0,0,0,1,0,0,0,0,0,0,0,0,0,0,0,0,0,0,0,
7/24/02,2002,PP,18,40,0,0,0,0,0,0,0,0,0,0,0,0,TRUE,0,0,0,0,0,0,0,0,0,0,0,0,0,0,0,0,0,0,0,0,0,0,0,0,
7/24/02,2002,PP,19,15,3,0,0,0,0,0,0,0,0,0,0,0,FALSE,0,0,0,0,0,0,0,0,0,0,0,0,0,0,0,0,0,0,0,0,0,0,1,0,
7/24/02,2002,PP,20,20,0,0,0,0,0,0,0,0,0,0,0,0,TRUE,0,0,0,0,0,0,0,0,0,0,0,0,0,0,0,0,0,0,0,0,0,0,0,0,
7/24/02,2002,PP,21,20,1,0,0,0,0,0,0,0,0,0,0,0,FALSE,0,0,0,0,0,0,1,0,0,0,0,0,0,0,0,0,0,1,0,0,0,0,1,0,
7/24/02,2002,PP,22,15,0,0,0,0,0,0,0,0,0,0,0,0,TRUE,0,0,0,0,0,0,0,0,0,0,0,0,0,0,0,0,0,0,0,0,0,0,0,0,
7/24/02,2002,PP,23,20,2,0,0,0,0,0,0,0,0,0,0,0,TRUE,0,0,0,0,0,0,0,0,0,0,0,0,0,0,0,0,0,0,0,0,0,0,0,0,
7/24/02,2002,PP,24,25,0,0,0,0,0,0,0,0,0,0,0,0,TRUE,0,0,0,0,0,0,0,0,0,0,0,0,0,0,0,0,0,0,0,0,0,0,0,0,
7/24/02,2002,PP,25,15,0,0,0,0,0,0,0,0,0,0,0,0,TRUE,0,0,0,0,0,0,0,0,0,0,0,0,0,0,0,0,0,0,0,0,0,0,0,0,TOO MUDDY
7/24/02,2002,PP,26,15,0,0,0,0,0,0,0,0,0,0,0,0,TRUE,0,0,0,0,0,0,0,0,0,0,0,0,0,0,0,0,0,0,0,0,0,0,0,0,
7/24/02,2002,PP,27,30,1,0,0,0,0,0,0,0,0,0,0,0,FALSE,0,0,0,0,0,0,0,0,0,0,0,0,0,0,0,0,0,0,0,0,0,1,1,0,
7/24/02,2002,PP,28,20,0,0,0,0,0,0,0,0,0,0,0,0,TRUE,0,0,0,0,0,0,0,0,0,0,0,0,0,0,0,0,0,0,0,0,0,0,0,0,
7/24/02,2002,PP,29,20,0,0,0,0,0,0,0,0,0,0,0,0,TRUE,0,0,0,0,0,0,0,0,0,0,0,0,0,0,0,0,0,0,0,0,0,0,0,0,
7/24/02,2002,PP,30,30,2,0,0,0,0,0,0,0,0,0,0,0,FALSE,0,0,0,0,0,0,0,0,0,0,0,0,0,0,0,0,0,0,0,0,0,1,0,0,
7/24/02,2002,PP,31,30,5,0,0,0,0,0,0,0,0,0,0,0,FALSE,0,0,0,0,0,0,0,0,0,0,0,0,0,0,0,0,0,0,0,0,0,0,1,0,
7/24/02,2002,PP,32,20,0,0,0,0,0,0,0,0,0,0,0,0,FALSE,0,0,0,0,0,0,0,0,0,0,1,0,0,0,0,0,0,0,0,0,0,0,0,0,
7/24/02,2002,PP,33,20,2,0,0,0,0,0,0,0,0,0,0,0,TRUE,0,0,0,0,0,0,0,0,0,0,0,0,0,0,0,0,0,0,0,0,0,0,0,0,
7/24/02,2002,PP,34,20,0,0,0,0,0,0,0,0,0,0,0,0,FALSE,0,0,0,0,0,0,0,0,0,0,0,0,0,0,0,0,1,0,0,0,0,0,0,0,
7/24/02,2002,PP,35,20,5,0,0,0,0,0,0,0,0,0,0,0,TRUE,0,0,0,0,0,0,0,0,0,0,0,0,0,0,0,0,0,0,0,0,0,0,0,0,
7/24/02,2002,PP,36,25,2,0,0,0,0,0,0,0,0,0,0,0,TRUE,0,0,0,0,0,0,0,0,0,0,0,0,0,0,0,0,0,0,0,0,0,0,0,0,
7/24/02,2002,PP,37,15,0,0,0,0,0,0,0,0,0,0,0,0,TRUE,0,0,0,0,0,0,0,0,0,0,0,0,0,0,0,0,0,0,0,0,0,0,0,0,
7/24/02,2002,PP,38,20,2,0,0,0,0,0,0,0,0,0,0,0,TRUE,0,0,0,0,0,0,0,0,0,0,0,0,0,0,0,0,0,0,0,0,0,0,0,0,
7/24/02,2002,PP,39,15,0,0,0,0,0,0,0,0,0,0,0,0,TRUE,0,0,0,0,0,0,0,0,0,0,0,0,0,0,0,0,0,0,0,0,0,0,0,0,
7/24/02,2002,PP,40,25,0,0,0,0,0,0,0,0,0,0,0,0,FALSE,0,0,0,0,0,0,0,0,0,0,0,0,0,0,0,0,0,0,0,0,0,0,1,0,
7/26/02,2002,FB,1,20,0,0,0,0,0,0,0,0,0,0,0,0,TRUE,0,0,0,0,0,0,0,0,0,0,0,0,0,0,0,0,0,0,0,0,0,0,0,0,
7/26/02,2002,FB,3,30,0,5,1,1,1,1,0,0,0,0,0,0,FALSE,0,0,1,0,0,0,0,0,0,0,0,0,0,0,0,0,0,0,0,0,0,0,0,0,
7/26/02,2002,FB,4,25,1,2,8,12,14,3,0,0,0,0,0,0,FALSE,0,0,2,0,0,0,0,0,0,0,0,0,0,0,0,0,0,0,0,0,0,0,0,0,
7/26/02,2002,FB,2,20,0,0,3,4,9,9,0,0,0,0,0,0,FALSE,0,0,1,0,0,0,0,0,0,0,0,0,0,0,0,0,0,0,0,0,0,0,0,0,
7/26/02,2002,FB,5,20,0,0,1,6,7,3,0,1,0,0,0,0,FALSE,0,0,1,0,0,0,0,0,0,1,0,0,0,0,0,0,0,0,0,0,0,0,0,0,
7/26/02,2002,FB,7,35,0,1,2,2,6,2,2,2,0,0,0,0,FALSE,0,0,0,0,0,0,0,1,0,0,0,0,0,0,0,0,0,0,0,0,0,0,0,0,
7/26/02,2002,FB,6,25,0,11,9,12,19,7,3,0,0,0,0,2,FALSE,0,0,2,0,0,0,0,0,0,0,0,0,0,0,0,0,0,0,0,0,0,0,0,0,
7/26/02,2002,FB,8,20,1,8,5,13,16,11,1,0,0,0,0,3,FALSE,0,0,1,0,0,0,0,0,0,0,0,0,0,0,0,0,0,0,0,0,0,0,0,0,
7/26/02,2002,FB,9,30,0,0,0,0,0,0,0,0,0,0,0,0,FALSE,0,0,1,0,0,0,0,0,0,0,0,0,0,0,0,0,0,0,0,0,0,0,0,0,
7/26/02,2002,FB,10,30,0,0,0,0,0,0,0,0,0,0,0,0,FALSE,0,1,0,0,0,0,0,0,0,0,0,0,0,0,0,0,0,0,0,0,0,0,0,0,
7/26/02,2002,FB,11,20,0,0,0,0,0,0,0,0,0,0,0,0,FALSE,0,0,1,0,0,0,0,0,0,0,0,0,0,0,0,0,1,0,0,0,0,0,0,0,
7/26/02,2002,FB,12,20,2,0,0,0,0,0,0,0,0,0,0,0,FALSE,0,1,0,0,0,0,0,0,0,0,0,0,0,0,0,1,0,0,0,0,0,0,0,0,
7/26/02,2002,FB,13,30,1,0,0,0,0,0,0,0,0,0,0,0,TRUE,0,0,0,0,0,0,0,0,0,0,0,0,0,0,0,0,0,0,0,0,0,0,0,0,
7/26/02,2002,FB,14,20,0,0,0,0,0,0,0,0,0,0,0,0,TRUE,0,0,0,0,0,0,0,0,0,0,0,0,0,0,0,0,0,0,0,0,0,0,0,0,
7/26/02,2002,FB,15,25,0,0,0,0,0,0,0,0,0,0,0,0,FALSE,0,0,1,0,0,0,0,0,1,0,0,0,0,0,0,0,0,0,0,0,0,0,0,0,
7/26/02,2002,FB,16,20,2,0,0,0,0,0,0,0,0,0,0,0,TRUE,0,0,0,0,0,0,0,0,0,0,0,0,0,0,0,0,0,0,0,0,0,0,0,0,
7/26/02,2002,FB,17,25,1,0,0,0,0,0,0,0,0,0,0,0,TRUE,0,0,0,0,0,0,0,0,0,0,0,0,0,0,0,0,0,0,0,0,0,0,0,0,
7/26/02,2002,FB,18,25,0,0,0,0,0,0,0,0,0,0,0,0,TRUE,0,0,0,0,0,0,0,0,0,0,0,0,0,0,0,0,0,0,0,0,0,0,0,0,
7/26/02,2002,FB,19,30,1,0,0,0,0,0,0,0,0,0,0,0,FALSE,1,0,1,0,0,0,0,0,0,0,0,0,0,0,0,0,0,0,0,0,0,0,0,0,
7/26/02,2002,FB,20,25,0,0,0,0,0,0,0,0,0,0,0,0,TRUE,0,0,0,0,0,0,0,0,0,0,0,0,0,0,0,0,0,0,0,0,0,0,0,0,
7/26/02,2002,FB,21,20,0,0,0,0,0,0,0,0,0,0,0,0,FALSE,0,3,1,0,0,0,0,0,0,0,1,0,0,0,0,0,0,0,0,0,0,0,0,0,
7/26/02,2002,FB,22,30,0,0,0,0,0,0,0,0,0,0,0,0,FALSE,1,1,1,0,0,0,0,0,0,0,0,0,0,0,0,0,0,0,0,0,0,0,0,0,
7/26/02,2002,FB,23,35,1,0,0,0,0,0,0,0,0,0,0,0,TRUE,0,0,0,0,0,0,0,0,0,0,0,0,0,0,0,0,0,0,0,0,0,0,0,0,
7/26/02,2002,FB,24,15,0,0,0,0,0,0,0,0,0,0,0,0,TRUE,0,0,0,0,0,0,0,0,0,0,0,0,0,0,0,0,0,0,0,0,0,0,0,0,
7/26/02,2002,FB,25,25,0,0,0,0,0,0,0,0,0,0,0,0,FALSE,0,0,3,0,0,0,0,0,0,0,0,0,0,0,0,0,0,0,0,0,0,0,0,0,
7/26/02,2002,FB,26,30,0,0,0,0,0,0,0,0,0,0,0,0,TRUE,0,0,0,0,0,0,0,0,0,0,0,0,0,0,0,0,0,0,0,0,0,0,0,0,
7/26/02,2002,FB,27,25,0,0,0,0,0,0,0,0,0,0,0,0,FALSE,0,0,2,0,0,0,0,0,0,0,0,0,0,0,0,0,0,0,0,0,0,0,0,0,
7/26/02,2002,FB,28,30,3,0,0,0,0,0,0,0,0,0,0,0,FALSE,0,0,1,0,0,0,0,0,0,0,0,0,0,0,0,0,0,0,0,0,0,0,0,0,
7/26/02,2002,FB,29,25,0,0,0,0,0,0,0,0,0,0,0,0,FALSE,0,1,0,0,0,0,0,0,0,0,0,0,0,0,0,0,0,0,0,0,0,0,0,0,
7/26/02,2002,FB,30,35,0,0,0,0,0,0,0,0,0,0,0,0,TRUE,0,0,0,0,0,0,0,0,0,0,0,0,0,0,0,0,0,0,0,0,0,0,0,0,
7/26/02,2002,FB,31,30,0,0,0,0,0,0,0,0,0,0,0,0,FALSE,0,0,2,0,0,0,0,0,0,2,0,0,0,0,0,0,0,0,0,0,0,0,0,0,
7/26/02,2002,FB,32,25,0,0,0,0,0,0,0,0,0,0,0,0,TRUE,0,0,0,0,0,0,0,0,0,0,0,0,0,0,0,0,0,0,0,0,0,0,0,0,
7/26/02,2002,FB,33,25,0,0,0,0,0,0,0,0,0,0,0,0,FALSE,0,0,1,0,0,0,0,0,0,0,0,0,0,0,0,0,0,0,0,0,0,0,0,0,
7/26/02,2002,FB,34,25,0,0,0,0,0,0,0,0,0,0,0,0,FALSE,0,0,1,0,0,0,0,0,0,0,0,0,0,0,0,0,0,0,0,0,0,0,0,0,
7/26/02,2002,FB,35,25,0,0,0,0,0,0,0,0,0,0,0,0,TRUE,0,0,0,0,0,0,0,0,0,0,0,0,0,0,0,0,0,0,0,0,0,0,0,0,
7/26/02,2002,FB,36,20,1,0,0,0,0,0,0,0,0,0,0,0,FALSE,0,0,0,0,0,0,0,0,0,1,0,0,0,0,0,1,1,0,0,0,0,0,0,0,
7/26/02,2002,FB,37,20,0,0,0,0,0,0,0,0,0,0,0,0,FALSE,0,0,1,0,0,0,0,0,0,0,0,0,0,0,0,0,0,1,0,0,0,0,0,0,
7/26/02,2002,FB,38,30,2,0,0,0,0,0,0,0,0,0,0,0,FALSE,0,0,0,0,0,0,0,1,1,0,0,0,0,0,0,0,0,0,0,0,0,0,0,0,
7/26/02,2002,FB,39,25,0,0,0,0,0,0,0,0,0,0,0,0,FALSE,0,1,0,0,0,0,0,0,0,0,0,0,0,0,0,0,0,0,0,0,0,0,0,0,
7/26/02,2002,FB,40,20,0,0,0,0,0,0,0,0,0,0,0,0,FALSE,0,0,1,0,0,0,0,0,0,0,0,0,0,0,0,0,0,1,0,0,0,0,0,0,
7/10/02,2002,MB,1,25,0,1,0,0,0,0,0,0,0,0,0,0,FALSE,0,0,0,6,1,0,0,0,0,1,1,0,0,0,0,0,0,0,0,0,0,0,0,0,
7/10/02,2002,MB,2,25,0,0,0,0,0,0,1,0,0,0,0,0,FALSE,0,0,0,1,0,0,0,0,0,0,0,0,0,0,0,1,0,0,0,0,0,0,0,0,
7/10/02,2002,MB,3,25,0,0,0,0,0,0,0,0,0,0,0,0,FALSE,0,0,0,3,0,0,0,0,0,0,0,0,0,0,0,0,0,0,0,0,0,0,0,0,
7/10/02,2002,MB,4,20,0,0,0,0,0,0,0,0,0,0,0,0,FALSE,0,0,0,3,0,0,0,0,0,0,0,0,0,0,0,1,0,0,0,0,0,0,0,0,
7/10/02,2002,MB,5,25,0,0,0,0,0,0,0,0,0,0,0,0,FALSE,0,0,0,0,1,0,0,0,0,0,0,0,0,0,0,0,0,0,0,0,0,0,0,0,
7/10/02,2002,MB,6,35,0,0,0,5,7,4,1,0,0,0,0,0,FALSE,0,0,0,1,0,0,0,0,0,0,0,0,1,0,0,0,0,0,0,0,0,0,0,0,5M HIGHER
7/10/02,2002,MB,7,20,0,0,0,0,1,2,1,0,0,0,0,0,FALSE,0,0,0,1,1,0,0,0,0,0,0,0,0,0,0,0,0,0,0,0,0,0,0,0,
7/10/02,2002,MB,8,25,0,0,0,1,1,0,0,1,0,0,0,0,FALSE,2,1,0,0,0,0,0,0,0,1,0,0,0,0,0,0,0,0,0,0,0,0,0,0,
7/10/02,2002,MB,9,25,0,0,0,2,4,1,4,2,1,0,0,0,TRUE,0,0,0,0,0,0,0,0,0,0,0,0,0,0,0,0,0,0,0,0,0,0,0,0,
7/10/02,2002,MB,10,25,0,0,0,2,4,5,2,0,0,0,0,0,TRUE,0,0,0,0,0,0,0,0,0,0,0,0,0,0,0,0,0,0,0,0,0,0,0,0,
7/10/02,2002,MB,11,20,0,0,2,3,1,3,0,0,0,0,0,0,FALSE,0,0,0,1,0,0,0,0,0,0,0,0,0,0,0,0,0,0,0,0,0,0,0,0,
7/10/02,2002,MB,12,20,0,1,0,1,2,1,0,0,0,0,0,0,TRUE,0,0,0,0,0,0,0,0,0,0,0,0,0,0,0,0,0,0,0,0,0,0,0,0,
7/10/02,2002,MB,13,25,0,1,0,1,3,0,1,0,0,0,0,0,FALSE,0,0,0,0,0,0,2,0,0,0,0,0,0,0,0,0,0,0,0,0,0,0,0,0,
7/10/02,2002,MB,14,20,0,0,3,3,2,3,1,2,0,0,0,0,FALSE,0,0,0,1,0,0,0,0,0,0,0,0,0,0,0,0,0,0,0,0,0,0,0,0,
7/10/02,2002,MB,15,30,0,1,0,2,2,2,2,0,0,0,0,0,FALSE,0,0,0,1,0,0,0,0,0,0,0,0,0,0,0,0,0,0,0,0,0,0,0,0,
7/10/02,2002,MB,16,25,0,0,0,3,3,2,0,0,0,0,0,0,FALSE,0,0,0,1,0,0,0,0,0,0,0,0,0,0,0,0,0,0,0,0,0,0,0,0,
7/10/02,2002,MB,17,40,0,0,0,1,2,2,1,0,0,0,0,0,FALSE,0,0,0,2,0,0,0,0,0,0,1,0,0,0,0,0,0,0,0,0,0,0,0,0,
7/10/02,2002,MB,18,25,3,2,2,8,2,5,0,0,0,0,0,0,FALSE,0,0,0,3,2,0,0,0,0,0,2,0,0,0,0,0,0,0,0,0,0,0,0,0,
7/10/02,2002,MB,19,20,1,0,1,2,4,2,2,1,0,0,0,0,FALSE,0,0,0,0,1,0,0,0,0,0,2,0,0,0,0,1,0,0,0,0,0,0,0,0,
7/10/02,2002,MB,20,20,1,3,2,1,2,1,0,0,1,0,0,0,FALSE,0,0,0,2,4,0,0,0,0,0,0,0,0,1,0,0,0,0,0,0,0,0,0,0,
7/10/02,2002,MB,21,35,0,3,1,0,2,1,2,4,0,0,0,0,FALSE,0,0,0,0,1,0,0,0,1,0,1,0,0,0,0,0,0,0,0,0,0,0,0,0,
7/10/02,2002,MB,22,20,1,0,1,2,1,1,1,0,0,0,0,0,FALSE,0,0,0,7,2,0,0,0,0,0,0,0,0,0,0,0,0,0,0,0,0,0,0,0,
7/10/02,2002,MB,23,35,0,0,0,0,0,0,0,0,0,0,0,0,FALSE,0,2,0,0,0,0,0,0,0,0,0,0,0,0,0,0,0,0,0,0,0,0,0,0,
7/10/02,2002,MB,24,30,3,7,6,7,6,2,2,0,1,0,0,0,FALSE,0,0,0,1,3,0,0,0,0,0,0,0,0,0,0,0,0,0,0,0,0,0,0,0,
7/10/02,2002,MB,25,25,1,0,2,5,6,3,0,0,0,0,0,0,FALSE,0,0,0,1,0,0,0,0,0,0,0,0,0,0,0,0,0,0,0,0,0,0,0,0,
7/10/02,2002,MB,26,25,0,1,1,3,1,3,1,0,0,0,0,0,FALSE,0,0,0,1,3,0,0,0,0,0,0,0,0,0,0,0,0,0,0,0,0,0,0,0,
7/10/02,2002,MB,27,25,0,0,0,0,0,0,0,0,0,0,5,0,TRUE,0,0,0,0,0,0,0,0,0,0,0,0,0,0,0,0,0,0,0,0,0,0,0,0,estimated 0-2 and >2 from avg 0-2 fraction per rock from freq rocks
7/10/02,2002,MB,28,25,0,0,0,0,0,0,0,0,0,0,3,0,TRUE,0,0,0,0,0,0,0,0,0,0,0,0,0,0,0,0,0,0,0,0,0,0,0,0,estimated 0-2 and >2 from avg 0-2 fraction per rock from freq rocks
7/10/02,2002,MB,29,40,0,0,0,0,0,0,0,0,0,0,5,0,FALSE,0,0,0,5,1,0,0,0,0,0,0,0,0,0,0,0,0,0,0,0,0,0,0,0,estimated 0-2 and >2 from avg 0-2 fraction per rock from freq rocks
7/10/02,2002,MB,30,50,0,0,0,0,0,0,0,0,0,0,14,0,FALSE,0,0,0,1,3,0,0,0,0,0,0,0,0,0,0,0,0,0,0,0,0,0,0,0,estimated 0-2 and >2 from avg 0-2 fraction per rock from freq rocks
7/10/02,2002,MB,31,20,0,0,0,0,0,0,0,0,0,0,4,0,FALSE,0,0,0,2,0,0,0,0,0,0,0,0,0,0,0,0,0,0,0,0,0,0,0,0,estimated 0-2 and >2 from avg 0-2 fraction per rock from freq rocks
7/10/02,2002,MB,32,25,0,0,0,0,0,0,0,0,0,0,10,0,FALSE,0,0,0,3,1,0,0,0,0,0,0,0,0,0,0,0,0,0,0,0,0,0,0,0,estimated 0-2 and >2 from avg 0-2 fraction per rock from freq rocks
7/10/02,2002,MB,33,25,0,0,0,0,0,0,0,0,0,0,6,0,FALSE,0,0,0,0,1,3,0,0,0,0,0,0,0,0,0,0,0,0,0,0,0,0,0,0,estimated 0-2 and >2 from avg 0-2 fraction per rock from freq rocks
7/10/02,2002,MB,34,30,0,0,0,0,0,0,0,0,0,0,1,0,TRUE,0,0,0,0,0,0,0,0,0,0,0,0,0,0,0,0,0,0,0,0,0,0,0,0,estimated 0-2 and >2 from avg 0-2 fraction per rock from freq rocks
7/10/02,2002,MB,35,30,0,0,0,0,0,0,0,0,0,0,2,0,FALSE,0,0,0,1,0,0,0,0,0,0,0,0,0,0,0,0,0,0,0,0,0,0,0,0,estimated 0-2 and >2 from avg 0-2 fraction per rock from freq rocks
7/10/02,2002,MB,36,20,0,0,0,0,0,0,0,0,0,0,4,0,FALSE,0,0,0,0,0,0,0,0,0,0,1,0,0,0,0,0,0,0,0,0,0,0,0,0,estimated 0-2 and >2 from avg 0-2 fraction per rock from freq rocks
7/10/02,2002,MB,37,20,0,0,0,0,0,0,0,0,0,0,16,0,FALSE,0,0,0,0,0,0,0,1,0,0,0,0,0,0,0,0,0,0,0,0,0,0,0,0,estimated 0-2 and >2 from avg 0-2 fraction per rock from freq rocks
7/10/02,2002,MB,38,40,0,0,0,0,0,0,0,0,0,0,6,0,FALSE,0,0,0,1,1,0,1,0,0,0,0,0,0,0,0,0,0,0,0,0,0,0,0,0,estimated 0-2 and >2 from avg 0-2 fraction per rock from freq rocks
7/10/02,2002,MB,39,25,0,0,0,0,0,0,0,0,0,0,10,0,FALSE,0,0,0,1,0,0,1,0,0,0,0,0,0,0,0,0,0,0,0,0,0,0,0,0,estimated 0-2 and >2 from avg 0-2 fraction per rock from freq rocks
7/10/02,2002,MB,40,25,0,0,0,0,0,0,0,0,0,0,18,0,FALSE,0,0,0,1,2,0,0,0,0,0,1,0,0,0,0,0,0,0,0,0,0,0,0,0,estimated 0-2 and >2 from avg 0-2 fraction per rock from freq rocks
7/28/02,2002,FR,1,45,30,0,0,0,0,0,0,0,0,0,0,0,FALSE,0,1,0,0,0,0,0,0,0,0,0,0,0,0,0,0,0,0,0,0,0,0,0,0,
7/28/02,2002,FR,2,25,86,12,4,4,5,3,2,0,0,0,0,0,FALSE,1,2,1,0,0,0,0,0,0,1,0,0,0,0,0,0,0,0,0,0,0,0,0,0,
7/28/02,2002,FR,3,30,10,8,16,12,3,1,0,0,0,0,0,0,FALSE,6,0,0,0,0,0,0,1,0,0,0,0,0,0,0,0,0,0,0,0,0,0,0,0,
7/28/02,2002,FR,4,25,8,2,19,11,17,1,0,0,0,0,0,0,FALSE,0,3,0,0,0,0,0,0,0,0,0,0,0,0,0,0,0,0,0,0,0,0,0,0,
7/28/02,2002,FR,5,25,7,0,6,15,4,5,0,3,0,0,0,0,FALSE,0,0,1,0,0,0,0,0,0,1,0,0,0,0,0,0,0,0,0,0,0,0,0,0,
7/28/02,2002,FR,6,30,25,0,10,13,7,3,3,0,0,0,0,0,FALSE,0,1,3,0,0,0,0,0,0,1,1,0,0,0,0,0,0,0,0,0,0,0,0,0,
7/28/02,2002,FR,7,25,9,13,19,21,11,2,0,0,2,0,0,1,FALSE,3,5,2,0,0,0,0,0,0,0,0,0,0,0,0,0,0,0,0,0,0,0,0,0,
7/28/02,2002,FR,8,35,50,0,0,0,0,0,0,0,0,0,0,0,FALSE,2,1,0,0,0,0,0,0,0,0,1,0,0,0,0,1,0,0,0,0,0,0,0,0,
7/28/02,2002,FR,9,50,86,0,0,0,0,0,0,0,0,0,0,0,FALSE,4,10,4,0,0,0,0,0,0,0,0,0,0,0,0,0,0,0,0,0,0,0,0,0,
7/28/02,2002,FR,10,25,10,0,0,0,0,0,0,0,0,0,0,0,FALSE,2,4,1,0,0,0,0,0,0,0,0,0,0,0,0,1,0,0,0,0,0,0,0,0,
7/28/02,2002,FR,11,20,22,0,0,0,0,0,0,0,0,0,0,0,FALSE,3,3,0,0,0,0,0,0,0,0,0,0,0,0,0,0,0,0,0,0,0,0,0,0,STOPPED COUNTING BABIES;estimate babies by avg fraction of babies per rock from rock 1-10
7/28/02,2002,FR,12,25,32,0,0,0,0,0,0,0,0,0,0,0,FALSE,3,4,1,0,0,0,0,0,0,0,0,0,0,0,0,0,0,0,0,0,0,0,0,0,estimate babies by avg fraction of babies per rock from rock 1-10
7/28/02,2002,FR,13,20,31,0,0,0,0,0,0,0,0,0,0,0,FALSE,1,1,1,0,0,0,0,0,0,1,1,0,0,0,0,0,0,0,0,0,0,0,1,0,estimate babies by avg fraction of babies per rock from rock 1-10
7/28/02,2002,FR,14,25,35,0,0,0,0,0,0,0,0,0,0,0,FALSE,3,1,2,0,0,0,0,0,0,0,0,0,0,0,0,0,1,0,0,0,0,0,0,0,estimate babies by avg fraction of babies per rock from rock 1-10
7/28/02,2002,FR,15,25,31,0,0,0,0,0,0,0,0,0,0,0,FALSE,2,3,1,0,0,0,0,0,0,0,0,0,0,0,0,0,0,0,0,0,0,0,0,0,estimate babies by avg fraction of babies per rock from rock 1-10
7/28/02,2002,FR,16,20,6,0,0,0,0,0,0,0,0,0,0,0,FALSE,3,3,3,0,0,0,0,0,0,1,0,0,0,0,0,0,0,0,0,0,0,0,0,0,estimate babies by avg fraction of babies per rock from rock 1-10
7/28/02,2002,FR,17,30,54,0,0,0,0,0,0,0,0,0,0,0,FALSE,2,0,2,0,0,0,0,0,0,0,0,0,0,0,0,0,0,0,0,0,0,0,0,0,estimate babies by avg fraction of babies per rock from rock 1-10
7/28/02,2002,FR,18,25,43,0,0,0,0,0,0,0,0,0,0,0,FALSE,6,1,0,0,0,0,0,0,0,1,0,0,0,0,0,1,0,1,0,0,0,0,0,0,estimate babies by avg fraction of babies per rock from rock 1-10
7/28/02,2002,FR,19,25,34,0,0,0,0,0,0,0,0,0,0,0,FALSE,11,8,2,0,0,0,0,0,0,0,0,0,0,0,0,0,0,0,0,0,0,0,0,0,estimate babies by avg fraction of babies per rock from rock 1-10
7/28/02,2002,FR,20,30,56,0,0,0,0,0,0,0,0,0,0,0,FALSE,0,2,0,0,0,0,0,0,0,1,0,0,0,0,0,0,0,0,0,0,0,0,0,0,estimate babies by avg fraction of babies per rock from rock 1-10
7/28/02,2002,FR,21,25,37,0,0,0,0,0,0,0,0,0,0,0,FALSE,4,3,2,0,0,0,0,0,0,1,0,0,0,0,0,0,0,0,0,0,0,0,0,0,estimate babies by avg fraction of babies per rock from rock 1-10
7/28/02,2002,FR,22,20,36,0,0,0,0,0,0,0,0,0,0,0,FALSE,2,0,0,0,0,0,0,0,0,0,0,0,0,0,0,0,0,0,0,0,0,0,0,0,estimate babies by avg fraction of babies per rock from rock 1-10
7/28/02,2002,FR,23,45,14,0,0,0,0,0,0,0,0,0,0,0,FALSE,2,1,2,0,0,0,0,0,0,0,0,0,0,0,0,0,0,0,0,0,0,0,0,0,estimate babies by avg fraction of babies per rock from rock 1-10
7/28/02,2002,FR,24,20,38,0,0,0,0,0,0,0,0,0,0,0,FALSE,2,4,1,0,0,0,0,0,0,0,0,0,0,0,0,1,0,0,0,0,0,0,0,0,estimate babies by avg fraction of babies per rock from rock 1-10
7/28/02,2002,FR,25,25,34,0,0,0,0,0,0,0,0,0,0,0,FALSE,2,1,0,0,0,0,0,0,0,0,0,0,0,0,0,2,0,0,0,0,0,0,0,0,estimate babies by avg fraction of babies per rock from rock 1-10
7/28/02,2002,FR,26,25,28,0,0,0,0,0,0,0,0,0,0,0,FALSE,2,0,2,0,0,0,0,0,0,0,0,0,0,0,0,0,0,0,0,0,0,0,0,0,estimate babies by avg fraction of babies per rock from rock 1-10
7/28/02,2002,FR,27,20,15,0,0,0,0,0,0,0,0,0,0,0,FALSE,2,3,0,0,0,0,0,0,0,0,0,0,0,0,0,1,0,0,0,0,0,0,0,0,estimate babies by avg fraction of babies per rock from rock 1-10
7/28/02,2002,FR,28,,16,0,0,0,0,0,0,0,0,0,0,0,FALSE,10,1,1,0,0,0,0,0,0,0,0,0,0,0,0,1,1,0,0,0,0,0,0,0,estimate babies by avg fraction of babies per rock from rock 1-10
7/28/02,2002,FR,29,20,19,0,0,0,0,0,0,0,0,0,0,0,FALSE,1,5,3,0,0,0,0,0,0,0,0,0,0,0,0,0,0,0,0,0,0,0,0,0,estimate babies by avg fraction of babies per rock from rock 1-10
7/28/02,2002,FR,30,25,35,0,0,0,0,0,0,0,0,0,0,0,FALSE,3,1,5,0,0,0,0,0,0,0,0,0,0,0,0,0,0,0,0,0,0,0,0,0,estimate babies by avg fraction of babies per rock from rock 1-10
7/28/02,2002,FR,31,20,29,0,0,0,0,0,0,0,0,0,0,0,FALSE,2,2,1,0,0,0,0,0,0,0,0,0,0,0,0,0,0,0,0,0,0,0,0,0,estimate babies by avg fraction of babies per rock from rock 1-10
7/28/02,2002,FR,32,20,14,0,0,0,0,0,0,0,0,0,0,0,FALSE,1,2,1,0,0,0,0,0,0,0,0,0,0,0,0,0,0,0,0,0,0,0,0,0,estimate babies by avg fraction of babies per rock from rock 1-10
7/28/02,2002,FR,33,25,37,0,0,0,0,0,0,0,0,0,0,0,FALSE,0,2,0,0,0,0,0,0,0,0,0,1,0,0,0,0,0,0,0,0,0,0,0,0,estimate babies by avg fraction of babies per rock from rock 1-10
7/28/02,2002,FR,34,20,9,0,0,0,0,0,0,0,0,0,0,0,FALSE,1,2,2,0,0,0,0,0,0,0,0,0,0,0,0,0,0,0,0,0,0,0,0,0,estimate babies by avg fraction of babies per rock from rock 1-10
7/28/02,2002,FR,35,20,39,0,0,0,0,0,0,0,0,0,0,0,FALSE,0,3,3,0,0,0,0,0,0,0,0,0,0,0,0,0,0,0,0,0,0,0,0,0,estimate babies by avg fraction of babies per rock from rock 1-10
7/28/02,2002,FR,36,30,13,0,0,0,0,0,0,0,0,0,0,0,FALSE,1,0,1,0,0,0,0,0,0,0,0,0,0,0,0,0,0,0,0,0,0,0,0,0,estimate babies by avg fraction of babies per rock from rock 1-10
7/28/02,2002,FR,37,25,47,0,0,0,0,0,0,0,0,0,0,0,FALSE,2,0,0,0,0,0,0,0,0,0,0,0,0,0,0,0,0,0,0,0,0,0,0,0,estimate babies by avg fraction of babies per rock from rock 1-10
7/28/02,2002,FR,38,35,29,0,0,0,0,0,0,0,0,0,0,0,FALSE,3,4,3,0,0,0,0,0,0,0,0,0,0,0,0,1,0,0,0,0,0,0,0,0,estimate babies by avg fraction of babies per rock from rock 1-10
7/28/02,2002,FR,39,25,27,0,0,0,0,0,0,0,0,0,0,0,FALSE,0,0,1,0,0,0,0,0,0,0,0,0,0,0,0,1,0,0,0,0,0,0,0,0,estimate babies by avg fraction of babies per rock from rock 1-10
7/28/02,2002,FR,40,25,29,0,0,0,0,0,0,0,0,0,0,0,FALSE,1,3,2,0,0,0,0,0,0,0,0,0,0,0,0,0,0,0,0,0,0,0,0,0,estimate babies by avg fraction of babies per rock from rock 1-10
8/10/02,2002,CR,1,35,0,7,1,3,2,2,0,1,0,0,0,1,TRUE,0,0,0,0,0,0,0,0,0,0,0,0,0,0,0,0,0,0,0,0,0,0,0,0,
8/10/02,2002,CR,2,30,1,6,1,5,5,2,0,0,0,0,0,0,FALSE,3,1,2,0,0,0,1,0,0,0,0,0,0,0,0,0,0,0,0,0,0,0,0,0,
8/10/02,2002,CR,3,30,2,23,15,21,9,7,0,0,0,0,0,1,FALSE,5,2,0,0,0,0,0,1,0,0,0,0,0,1,0,0,0,0,0,0,0,0,0,0,
8/10/02,2002,CR,5,35,2,19,33,24,11,1,0,0,0,0,0,2,FALSE,4,4,1,2,0,0,0,0,0,0,0,0,0,0,0,0,0,0,0,0,0,0,0,0,
8/10/02,2002,CR,4,30,2,14,24,31,10,5,0,0,0,0,0,0,FALSE,7,0,2,0,0,0,0,0,0,0,0,0,0,0,0,0,0,0,0,0,0,0,0,0,
8/10/02,2002,CR,6,25,0,0,0,0,0,0,0,0,0,0,0,0,FALSE,1,0,0,0,0,0,1,0,0,0,0,0,0,0,0,0,0,0,0,0,0,0,0,0,
8/10/02,2002,CR,7,30,0,0,0,0,0,0,0,0,0,0,0,0,TRUE,0,0,0,0,0,0,0,0,0,0,0,0,0,0,0,0,0,0,0,0,0,0,0,0,
8/10/02,2002,CR,8,25,0,0,0,0,0,0,0,0,0,0,0,0,FALSE,0,0,2,0,0,0,0,0,0,0,0,0,0,0,0,0,0,0,0,0,0,0,0,0,
8/10/02,2002,CR,9,25,0,0,0,0,0,0,0,0,0,0,0,0,TRUE,0,0,0,0,0,0,0,0,0,0,0,0,0,0,0,0,0,0,0,0,0,0,0,0,
8/10/02,2002,CR,10,30,0,0,0,0,0,0,0,0,0,0,0,0,FALSE,1,0,2,0,0,0,0,0,0,0,0,0,0,0,1,0,0,0,0,0,0,0,0,0,
8/10/02,2002,CR,11,35,0,0,0,0,0,0,0,0,0,0,0,0,FALSE,0,1,2,0,0,0,0,0,0,0,0,0,0,0,0,0,0,0,0,0,0,0,0,0,END S SECTION
8/10/02,2002,CR,12,25,0,0,0,0,0,0,0,0,0,0,0,0,FALSE,0,0,1,0,0,0,0,0,0,0,0,0,0,0,0,1,0,0,0,0,0,0,0,0,START N SECTION
8/10/02,2002,CR,13,30,0,0,0,0,0,0,0,0,0,0,0,0,FALSE,0,0,0,0,0,0,0,1,1,0,0,0,0,0,0,0,0,0,0,0,0,0,0,0,
8/10/02,2002,CR,14,25,0,0,0,0,0,0,0,0,0,0,0,0,TRUE,0,0,0,0,0,0,0,0,0,0,0,0,0,0,0,0,0,0,0,0,0,0,0,0,
8/10/02,2002,CR,15,25,0,0,0,0,0,0,0,0,0,0,0,0,FALSE,0,1,1,0,0,0,0,0,0,0,1,0,0,0,0,0,0,0,0,0,0,0,0,0,
8/10/02,2002,CR,16,30,0,0,0,0,0,0,0,0,0,0,0,0,TRUE,0,0,0,0,0,0,0,0,0,0,0,0,0,0,0,0,0,0,0,0,0,0,0,0,
8/10/02,2002,CR,17,40,0,0,0,0,0,0,0,0,0,0,0,0,FALSE,0,2,0,1,0,0,1,0,0,0,0,0,0,0,0,0,0,0,0,0,0,0,0,0,
8/10/02,2002,CR,18,35,1,0,0,0,0,0,0,0,0,0,0,0,FALSE,0,0,1,0,0,0,0,0,0,0,0,0,0,0,0,1,0,0,0,0,0,0,0,0,
8/10/02,2002,CR,19,25,0,0,0,0,0,0,0,0,0,0,0,0,FALSE,0,0,0,0,0,0,1,0,0,0,0,0,0,0,0,0,0,0,0,0,0,0,0,0,
8/10/02,2002,CR,20,20,0,0,0,0,0,0,0,0,0,0,0,0,FALSE,0,0,0,0,1,0,0,0,0,0,1,0,0,0,0,0,0,0,0,0,0,0,0,0,
8/10/02,2002,CR,21,25,0,0,0,0,0,0,0,0,0,0,0,0,FALSE,0,2,0,0,0,0,0,0,0,0,0,0,0,0,0,0,0,0,0,0,0,0,0,0,
8/10/02,2002,CR,22,25,3,0,0,0,0,0,0,0,0,0,0,0,FALSE,0,1,0,0,0,0,0,0,0,0,0,0,0,0,0,0,0,0,0,0,0,0,0,0,
8/10/02,2002,CR,23,25,0,0,0,0,0,0,0,0,0,0,0,0,TRUE,0,0,0,0,0,0,0,0,0,0,0,0,0,0,0,0,0,0,0,0,0,0,0,0,
8/10/02,2002,CR,24,30,1,0,0,0,0,0,0,0,0,0,0,0,TRUE,0,0,0,0,0,0,0,0,0,0,0,0,0,0,0,0,0,0,0,0,0,0,0,0,
8/10/02,2002,CR,25,35,0,0,0,0,0,0,0,0,0,0,0,0,FALSE,0,1,2,0,0,0,0,1,0,0,0,0,0,0,0,0,0,0,0,0,0,0,0,0,
8/10/02,2002,CR,26,25,1,0,0,0,0,0,0,0,0,0,0,0,FALSE,0,1,1,1,0,0,1,0,0,0,0,0,0,0,0,0,1,0,0,0,0,0,0,0,
8/10/02,2002,CR,27,25,0,0,0,0,0,0,0,0,0,0,0,0,FALSE,0,0,0,0,0,0,1,0,0,0,0,0,0,0,0,0,0,0,0,0,0,0,0,0,
8/10/02,2002,CR,28,25,3,0,0,0,0,0,0,0,0,0,0,0,FALSE,0,0,1,1,0,0,0,0,0,0,0,0,0,0,0,0,0,0,0,0,0,0,0,0,
8/10/02,2002,CR,29,25,0,0,0,0,0,0,0,0,0,0,0,0,FALSE,0,0,0,1,0,0,0,0,0,0,0,0,0,0,0,0,0,0,0,0,0,0,0,0,
8/10/02,2002,CR,30,25,0,0,0,0,0,0,0,0,0,0,0,0,FALSE,0,0,0,0,0,0,1,0,1,0,0,0,0,0,0,0,0,0,0,0,0,0,0,0,
8/10/02,2002,CR,31,30,0,0,0,0,0,0,0,0,0,0,0,0,FALSE,0,0,1,0,0,0,0,0,0,0,0,0,0,0,0,0,0,0,0,0,0,0,0,0,
8/10/02,2002,CR,32,30,0,0,0,0,0,0,0,0,0,0,0,0,FALSE,0,0,1,0,0,0,0,0,0,0,0,0,0,0,0,0,0,0,0,0,0,0,0,0,
8/10/02,2002,CR,33,35,0,0,0,0,0,0,0,0,0,0,0,0,FALSE,0,0,1,0,0,0,0,0,0,0,0,0,0,0,0,0,0,0,0,0,0,0,0,0,
8/10/02,2002,CR,34,30,0,0,0,0,0,0,0,0,0,0,0,0,FALSE,3,1,0,0,0,0,0,0,0,0,0,0,0,0,0,0,0,0,0,0,0,0,0,0,
8/10/02,2002,CR,35,35,0,0,0,0,0,0,0,0,0,0,0,0,FALSE,1,0,0,0,0,0,0,0,0,0,0,0,0,0,0,0,0,0,0,0,0,0,0,0,
8/10/02,2002,CR,36,25,1,0,0,0,0,0,0,0,0,0,0,0,FALSE,0,0,2,2,0,0,0,0,0,0,0,0,0,0,0,0,0,0,0,0,0,0,0,0,
8/10/02,2002,CR,37,35,0,0,0,0,0,0,0,0,0,0,0,0,FALSE,0,0,1,0,0,0,0,0,0,0,0,0,0,0,0,0,0,0,0,0,0,0,0,0,
8/10/02,2002,CR,38,25,0,0,0,0,0,0,0,0,0,0,0,0,FALSE,0,0,0,0,0,0,2,0,1,0,0,0,0,0,0,0,0,0,0,0,0,0,0,0,
8/10/02,2002,CR,39,30,0,0,0,0,0,0,0,0,0,0,0,0,FALSE,0,0,0,0,0,0,0,0,0,0,0,0,0,1,0,0,0,0,0,0,0,0,0,0,
8/10/02,2002,CR,40,30,0,0,0,0,0,0,0,0,0,0,0,0,FALSE,1,1,1,2,0,1,0,0,0,1,0,0,0,0,0,0,0,0,0,0,0,0,0,0,
9/7/02,2002,GC,19,30,0,9,0,0,0,0,0,0,0,0,0,0,FALSE,1,0,1,0,0,0,0,0,0,0,0,0,0,0,0,0,0,0,0,0,0,0,0,0,
9/7/02,2002,GC,20,40,0,22,0,0,0,0,0,0,0,0,0,0,FALSE,7,0,0,0,0,0,0,0,0,0,0,0,0,0,0,0,0,0,0,0,0,0,0,0,
8/11/02,2002,AP,1,30,0,7,4,4,2,1,0,0,0,0,,,FALSE,6,3,2,0,0,0,0,0,0,0,0,0,0,0,0,0,0,0,0,0,0,0,0,0,
8/11/02,2002,AP,2,25,1,0,0,2,1,0,0,0,0,0,,,FALSE,8,1,1,0,0,0,0,0,0,0,0,0,0,0,0,0,0,0,0,0,0,0,0,0,
8/11/02,2002,AP,3,35,1,5,2,4,1,1,0,0,0,0,,,FALSE,3,2,2,0,0,0,0,0,0,0,0,0,0,0,0,0,0,0,0,0,0,0,0,0,
8/11/02,2002,AP,4,25,0,3,2,1,0,0,0,0,0,0,,,FALSE,4,3,0,0,0,0,0,0,0,0,0,0,0,0,0,0,0,0,0,0,0,0,0,0,
8/11/02,2002,AP,5,25,0,1,3,3,3,0,0,0,0,0,,,FALSE,3,3,1,0,0,0,0,0,0,0,0,0,0,0,0,0,0,0,0,0,0,0,0,0,
8/11/02,2002,AP,6,30,0,7,5,12,2,1,1,0,0,0,,,FALSE,1,2,2,0,0,0,0,0,0,0,0,0,0,0,0,0,0,0,0,0,0,0,0,0,
8/11/02,2002,AP,7,30,2,11,8,11,6,2,1,1,0,0,,,FALSE,2,1,2,0,0,0,0,0,0,0,0,0,0,0,0,0,0,0,0,0,0,0,0,0,
8/11/02,2002,AP,8,25,2,3,6,8,3,2,0,0,0,0,,,FALSE,1,2,1,0,0,0,0,0,0,0,0,0,0,0,0,0,0,0,0,0,0,0,0,0,
8/11/02,2002,AP,9,25,1,0,0,0,0,0,0,0,0,0,,,TRUE,0,0,0,0,0,0,0,0,0,0,0,0,0,0,0,0,0,0,0,0,0,0,0,0,
8/11/02,2002,AP,10,25,0,0,0,0,0,0,0,0,0,0,,,FALSE,1,1,1,0,0,0,0,0,0,0,0,0,0,0,0,0,0,0,0,0,0,0,0,0,
8/11/02,2002,AP,11,25,1,1,0,0,2,3,2,0,0,0,,,FALSE,4,0,0,0,0,0,0,0,0,0,0,0,0,0,0,0,0,0,0,0,0,0,0,0,
8/11/02,2002,AP,12,20,1,0,0,0,0,0,0,0,0,0,,,FALSE,0,1,0,0,0,0,0,1,0,0,0,0,0,0,0,0,0,0,0,0,0,0,0,0,
8/11/02,2002,AP,13,25,0,3,2,11,0,3,4,0,0,0,,,FALSE,4,3,1,0,0,0,0,0,0,0,0,0,0,0,0,0,0,0,0,0,0,0,0,0,
8/11/02,2002,AP,14,30,2,0,0,0,0,0,0,0,0,0,,,FALSE,2,0,1,0,0,0,0,0,0,0,0,0,0,0,0,0,0,0,0,0,0,0,0,0,
8/11/02,2002,AP,15,25,0,0,0,0,0,0,0,0,0,0,,,FALSE,2,1,2,0,0,0,0,0,0,0,0,0,0,0,0,0,0,0,0,0,0,0,0,0,
8/11/02,2002,AP,16,25,0,1,0,1,1,0,0,1,0,0,,,FALSE,4,0,1,0,0,0,0,0,0,0,0,0,0,0,0,0,0,0,0,0,0,0,0,0,
8/11/02,2002,AP,17,35,2,0,0,0,0,0,0,0,0,0,,,FALSE,6,5,4,0,0,0,0,0,0,0,0,0,0,0,0,0,0,0,0,0,0,0,0,0,
8/11/02,2002,AP,18,40,0,2,3,5,1,0,0,0,0,0,,,FALSE,3,0,0,0,0,0,0,0,0,0,0,0,0,0,0,0,0,0,0,0,0,0,0,0,
8/11/02,2002,AP,19,25,0,0,0,0,0,0,0,0,0,0,,,FALSE,0,3,2,0,0,0,0,0,0,0,0,0,0,0,0,0,0,0,0,0,0,0,0,0,
8/11/02,2002,AP,20,30,0,0,3,0,2,1,0,0,0,0,,,FALSE,9,1,0,0,0,0,0,0,0,0,0,0,0,0,0,0,0,0,0,0,0,0,0,0,
8/11/02,2002,AP,21,25,2,0,0,0,0,0,0,0,0,0,,,FALSE,8,2,1,0,0,0,0,0,0,0,0,0,0,0,0,0,0,0,0,0,0,0,0,0,
8/11/02,2002,AP,22,35,2,4,6,5,6,0,0,0,0,0,,,FALSE,5,0,1,0,0,0,0,0,0,0,0,0,0,0,0,0,0,0,0,0,0,0,0,0,
8/11/02,2002,AP,23,20,0,0,0,0,0,0,0,0,0,0,,,FALSE,1,1,0,0,0,0,0,0,0,0,0,0,0,0,0,0,0,0,0,0,0,0,0,0,
8/11/02,2002,AP,24,20,0,0,0,0,0,0,0,0,0,0,,,FALSE,3,1,1,0,0,0,0,0,0,0,0,0,0,0,0,0,0,0,0,0,0,0,0,0,
8/11/02,2002,AP,25,35,0,0,0,0,0,0,0,0,0,0,,,FALSE,5,1,5,0,0,0,0,0,0,0,0,0,0,0,0,0,0,0,0,0,0,0,0,0,
8/11/02,2002,AP,26,25,0,0,0,0,0,0,0,0,0,0,,,FALSE,2,6,4,0,0,0,0,0,0,0,0,0,0,0,0,0,0,1,0,0,0,0,0,0,
8/11/02,2002,AP,27,30,2,0,0,0,0,0,0,0,0,0,,,FALSE,6,4,2,0,0,0,0,0,1,0,0,0,0,0,0,0,0,0,0,0,0,0,0,0,
8/11/02,2002,AP,28,25,0,0,0,0,0,0,0,0,0,0,,,FALSE,1,2,0,0,0,0,0,0,0,0,0,0,0,0,0,0,0,0,0,0,0,0,0,0,
8/11/02,2002,AP,29,30,0,0,0,0,0,0,0,0,0,0,,,FALSE,2,0,0,0,0,0,0,0,0,0,0,0,0,0,0,0,0,0,0,0,0,0,0,0,
8/11/02,2002,AP,30,25,1,0,0,0,0,0,0,0,0,0,,,FALSE,7,2,0,0,0,0,0,0,0,0,0,0,0,0,0,0,0,0,0,0,0,0,0,0,
8/11/02,2002,AP,31,25,0,0,0,0,0,0,0,0,0,0,,,FALSE,1,1,3,0,0,0,0,0,0,0,0,0,0,0,0,0,0,0,0,0,0,0,0,0,
8/11/02,2002,AP,32,30,0,0,0,0,0,0,0,0,0,0,,,FALSE,3,1,0,0,0,0,0,0,0,0,0,0,0,0,0,0,0,0,0,0,0,0,0,0,
8/11/02,2002,AP,33,25,2,0,0,0,0,0,0,0,0,0,,,FALSE,1,1,1,0,0,0,0,1,0,0,0,0,0,0,0,0,0,0,0,0,0,0,0,0,
8/11/02,2002,AP,34,30,0,0,0,0,0,0,0,0,0,0,,,FALSE,4,2,1,0,0,0,0,0,0,0,0,0,0,0,0,0,0,0,0,0,0,0,0,0,
8/11/02,2002,AP,35,20,0,0,0,0,0,0,0,0,0,0,,,FALSE,9,2,0,0,0,0,0,0,0,0,0,0,0,0,0,0,0,0,0,0,0,0,0,0,
8/11/02,2002,AP,36,20,0,0,0,0,0,0,0,0,0,0,,,FALSE,2,0,0,0,0,0,0,0,1,0,0,0,0,0,0,0,0,0,0,0,0,0,0,0,
8/11/02,2002,AP,37,35,2,0,0,0,0,0,0,0,0,0,,,FALSE,5,2,2,0,0,0,0,0,0,0,0,0,0,0,0,0,0,0,0,0,0,0,0,0,
8/11/02,2002,AP,38,25,0,0,0,0,0,0,0,0,0,0,,,FALSE,0,0,0,0,0,0,1,0,0,0,0,0,0,0,0,0,0,1,0,0,0,0,0,0,
8/11/02,2002,AP,39,30,0,0,0,0,0,0,0,0,0,0,,,FALSE,6,2,5,0,0,0,0,0,0,0,0,0,0,0,0,0,0,0,0,0,0,0,0,0,
8/11/02,2002,AP,40,25,4,0,0,0,0,0,0,0,0,0,,,FALSE,11,2,0,0,0,0,0,0,0,0,0,0,0,0,0,0,0,0,0,0,0,0,0,0,