,Var1,Var2,Freq
2014,Males.All,Females.All,0.924940942
2014,Ovigerous,Females.All,0.796117488
2014,X.10cm2..course.sand,Females.All,-0.638146051
2014,bare.cobble...2cm.,Females.All,0.564025163
2014,s57mm,Females.All,0.707788029
2014,s810mm,Females.All,0.972838581
2014,s1113mm,Females.All,0.696996425
2014,s1416mm,Females.All,0.576674599
2014,s1720mm,Females.All,-0.327063281
2014,ALL,Females.All,0.622741218
2014,MaleFemales,Females.All,0.984687733
2014,FemaleProp,Females.All,0.738754886
2014,MaleProp,Females.All,-0.738754886
2014,Propss1to3mmcombined,Females.All,-0.371785681
2014,Proprecruits3mm,Females.All,-0.404374378
2014,Props810mm,Females.All,0.491878083
2014,Props1720mm,Females.All,-0.311102045
2014,LiveableRocks,Females.All,0.526593686
2014,NonliveableRocks,Females.All,-0.364219702
2014,Size.1,Females.All,0.679391629
2014,Size.2,Females.All,0.713415053
2014,Surfzone.size..m.,Females.All,0.728053266
2014,m.to.nearest.pt,Females.All,-0.341398672
2014,m.to.land.in.300dir,Females.All,0.407764383
2014,Slope.average,Females.All,0.606347446
2014,Slope.min,Females.All,0.420297379
2014,Slope.Max,Females.All,0.653533034
2014,Coastline.angle,Females.All,-0.535042914
2014,Females.All,Males.All,0.924940942
2014,Ovigerous,Males.All,0.705307171
2014,X.10cm2..course.sand,Males.All,-0.534572642
2014,bare.cobble...2cm.,Males.All,0.632238658
2014,s57mm,Males.All,0.684440456
2014,s810mm,Males.All,0.979319846
2014,s1113mm,Males.All,0.609178324
2014,s1416mm,Males.All,0.480206578
2014,ALL,Males.All,0.526970073
2014,MaleFemales,Males.All,0.977041763
2014,FemaleProp,Males.All,0.523966945
2014,MaleProp,Males.All,-0.523966945
2014,Propss1to3mmcombined,Males.All,-0.430997999
2014,Proprecruits3mm,Males.All,-0.437284333
2014,Props57mm,Males.All,0.343694966
2014,Props810mm,Males.All,0.579604824
2014,LiveableRocks,Males.All,0.551805274
2014,NonliveableRocks,Males.All,-0.39680233
2014,CobbleCourseSand,Males.All,0.406641866
2014,Size.1,Males.All,0.679888782
2014,Size.2,Males.All,0.699094432
2014,Surfzone.size..m.,Males.All,0.575070323
2014,m.to.nearest.pt,Males.All,-0.417506822
2014,Slope.average,Males.All,0.516549097
2014,Slope.Max,Males.All,0.632368117
2014,Coastline.angle,Males.All,-0.440764356
2014,Ovigerous,No.Sex.All,-0.342776446
2014,X50cm2.10cm2,No.Sex.All,-0.336927027
2014,rocky.bench,No.Sex.All,0.445446586
2014,recruits3mm,No.Sex.All,0.91995454
2014,s35mm,No.Sex.All,0.884096316
2014,s57mm,No.Sex.All,0.557738656
2014,s1113mm,No.Sex.All,-0.38877793
2014,s1416mm,No.Sex.All,-0.448656209
2014,s1720mm,No.Sex.All,-0.40249679
2014,ALL,No.Sex.All,0.779424658
2014,s1to3mmcombined,No.Sex.All,0.967404593
2014,FemaleProp,No.Sex.All,0.303590952
2014,MaleProp,No.Sex.All,-0.303590952
2014,Propss1to3mmcombined,No.Sex.All,0.786718253
2014,Proprecruits3mm,No.Sex.All,0.685428089
2014,Props35mm,No.Sex.All,0.693592698
2014,Props810mm,No.Sex.All,-0.706428609
2014,Props1113mm,No.Sex.All,-0.632587194
2014,Props1416mm,No.Sex.All,-0.633639776
2014,Props1720mm,No.Sex.All,-0.398164107
2014,LiveableRocks,No.Sex.All,-0.341369491
2014,IdealLiveableRocks,No.Sex.All,-0.336927027
2014,NonliveableRocks,No.Sex.All,0.500793386
2014,Size.1,No.Sex.All,-0.339063261
2014,Size.2,No.Sex.All,-0.365324148
2014,Surfzone.size..m.,No.Sex.All,0.312052864
2014,percent.in.range.2013,No.Sex.All,0.339795062
2014,Difference.from.300.Northery.heading,No.Sex.All,-0.521897954
2014,Slope.average,No.Sex.All,-0.308126526
2014,Slope.min,No.Sex.All,-0.331522334
2014,Coastline.regional,No.Sex.All,0.417050442
2014,Females.All,Ovigerous,0.796117488
2014,Males.All,Ovigerous,0.705307171
2014,No.Sex.All,Ovigerous,-0.342776446
2014,X50cm2.10cm2,Ovigerous,0.567267844
2014,X.10cm2..course.sand,Ovigerous,-0.624859104
2014,bare.cobble...2cm.,Ovigerous,0.388801136
2014,recruits3mm,Ovigerous,-0.478819651
2014,s810mm,Ovigerous,0.733589421
2014,s1113mm,Ovigerous,0.865874265
2014,s1416mm,Ovigerous,0.809320578
2014,s1to3mmcombined,Ovigerous,-0.446117961
2014,MaleFemales,Ovigerous,0.76968483
2014,FemaleProp,Ovigerous,0.515613445
2014,MaleProp,Ovigerous,-0.515613445
2014,Propss1to3mmcombined,Ovigerous,-0.504376292
2014,Proprecruits3mm,Ovigerous,-0.498077072
2014,Props810mm,Ovigerous,0.536338373
2014,Props1113mm,Ovigerous,0.312806321
2014,Props1416mm,Ovigerous,0.311908651
2014,LiveableRocks,Ovigerous,0.617597053
2014,IdealLiveableRocks,Ovigerous,0.567267844
2014,NonliveableRocks,Ovigerous,-0.593835899
2014,Size.1,Ovigerous,0.889850755
2014,Size.2,Ovigerous,0.88152111
2014,Surfzone.size..m.,Ovigerous,0.382148597
2014,Heading.minus.coast,Ovigerous,0.411012895
2014,m.to.nearest.pt,Ovigerous,-0.310691098
2014,percent.in.range.2013,Ovigerous,-0.361388173
2014,Slope.average,Ovigerous,0.437484918
2014,Slope.min,Ovigerous,0.355257999
2014,Slope.Max,Ovigerous,0.406076645
2014,No.Sex.All,X50cm2.10cm2,-0.336927027
2014,Ovigerous,X50cm2.10cm2,0.567267844
2014,X.10cm2..course.sand,X50cm2.10cm2,-0.471424429
2014,cemented.rock.1m2.10cm2,X50cm2.10cm2,-0.440522617
2014,s35mm,X50cm2.10cm2,-0.422827273
2014,s57mm,X50cm2.10cm2,-0.318149489
2014,s1113mm,X50cm2.10cm2,0.759955204
2014,s1416mm,X50cm2.10cm2,0.618176149
2014,Props35mm,X50cm2.10cm2,-0.579745587
2014,Props57mm,X50cm2.10cm2,-0.688647612
2014,Props1113mm,X50cm2.10cm2,0.689798958
2014,Props1416mm,X50cm2.10cm2,0.555860044
2014,Props1720mm,X50cm2.10cm2,0.439525226
2014,LiveableRocks,X50cm2.10cm2,0.48079897
2014,NonliveableRocks,X50cm2.10cm2,-0.525887002
2014,CobbleCourseSand,X50cm2.10cm2,-0.410850874
2014,Size.1,X50cm2.10cm2,0.47433235
2014,Size.2,X50cm2.10cm2,0.474719455
2014,Size.of.opening,X50cm2.10cm2,-0.38428492
2014,Heading.S,X50cm2.10cm2,-0.498152243
2014,Heading.minus.coast,X50cm2.10cm2,0.582083322
2014,percent.in.range.2013,X50cm2.10cm2,-0.504579779
2014,Total.degrees.opening,X50cm2.10cm2,0.35134477
2014,Slope.min,X50cm2.10cm2,0.408498487
2014,Females.All,X.10cm2..course.sand,-0.638146051
2014,Males.All,X.10cm2..course.sand,-0.534572642
2014,Ovigerous,X.10cm2..course.sand,-0.624859104
2014,X50cm2.10cm2,X.10cm2..course.sand,-0.471424429
2014,cemented.rock.1m2.10cm2,X.10cm2..course.sand,0.467552854
2014,bare.sand..fine.very.course.sand.,X.10cm2..course.sand,0.332014659
2014,rocky.bench,X.10cm2..course.sand,-0.400449187
2014,s810mm,X.10cm2..course.sand,-0.60017811
2014,s1113mm,X.10cm2..course.sand,-0.581660214
2014,s1416mm,X.10cm2..course.sand,-0.43193258
2014,MaleFemales,X.10cm2..course.sand,-0.602840874
2014,Propss1to3mmcombined,X.10cm2..course.sand,0.399170324
2014,Proprecruits3mm,X.10cm2..course.sand,0.38709704
2014,Props810mm,X.10cm2..course.sand,-0.538241145
2014,IdealLiveableRocks,X.10cm2..course.sand,-0.471424429
2014,Size.1,X.10cm2..course.sand,-0.572372936
2014,Size.2,X.10cm2..course.sand,-0.6096984
2014,Surfzone.size..m.,X.10cm2..course.sand,-0.389089461
2014,Heading.N,X.10cm2..course.sand,-0.445073744
2014,m.to.land.in.300dir,X.10cm2..course.sand,-0.653352199
2014,percentage.of.MWD.within.range.2014,X.10cm2..course.sand,-0.552824349
2014,Total.degrees.opening,X.10cm2..course.sand,-0.579901324
2014,Slope.average,X.10cm2..course.sand,-0.60390464
2014,Slope.min,X.10cm2..course.sand,-0.58731453
2014,Slope.Max,X.10cm2..course.sand,-0.579123625
2014,Coastline.angle,X.10cm2..course.sand,0.303754138
2014,Coastline.regional,X.10cm2..course.sand,0.462378866
2014,X50cm2.10cm2,cemented.rock.1m2.10cm2,-0.440522617
2014,X.10cm2..course.sand,cemented.rock.1m2.10cm2,0.467552854
2014,rocky.bench,cemented.rock.1m2.10cm2,-0.902672127
2014,recruits3mm,cemented.rock.1m2.10cm2,-0.300104861
2014,s1to3mmcombined,cemented.rock.1m2.10cm2,-0.305831922
2014,Propss1to3mmcombined,cemented.rock.1m2.10cm2,-0.316016163
2014,Props57mm,cemented.rock.1m2.10cm2,0.462210949
2014,Props810mm,cemented.rock.1m2.10cm2,0.40808848
2014,IdealLiveableRocks,cemented.rock.1m2.10cm2,-0.440522617
2014,CobbleCourseSand,cemented.rock.1m2.10cm2,0.340708607
2014,Heading.S,cemented.rock.1m2.10cm2,0.516288608
2014,Heading.minus.coast,cemented.rock.1m2.10cm2,-0.363514405
2014,m.to.nearest.pt,cemented.rock.1m2.10cm2,-0.442750462
2014,m.to.land.in.300dir,cemented.rock.1m2.10cm2,-0.344734877
2014,percentage.of.MWD.within.range.2014,cemented.rock.1m2.10cm2,-0.495118656
2014,Difference.from.300.Northery.heading,cemented.rock.1m2.10cm2,0.32910245
2014,Total.degrees.opening,cemented.rock.1m2.10cm2,-0.769236037
2014,Coastline.angle,cemented.rock.1m2.10cm2,-0.402340873
2014,Females.All,bare.cobble...2cm.,0.564025163
2014,Males.All,bare.cobble...2cm.,0.632238658
2014,Ovigerous,bare.cobble...2cm.,0.388801136
2014,bare.sand..fine.very.course.sand.,bare.cobble...2cm.,-0.35316727
2014,rocky.bench,bare.cobble...2cm.,-0.320305437
2014,recruits3mm,bare.cobble...2cm.,-0.386041192
2014,s57mm,bare.cobble...2cm.,0.438170215
2014,s810mm,bare.cobble...2cm.,0.634876784
2014,s1113mm,bare.cobble...2cm.,0.383951082
2014,s1720mm,bare.cobble...2cm.,-0.428261223
2014,s1to3mmcombined,bare.cobble...2cm.,-0.308089168
2014,MaleFemales,bare.cobble...2cm.,0.606088803
2014,Propss1to3mmcombined,bare.cobble...2cm.,-0.340947865
2014,Proprecruits3mm,bare.cobble...2cm.,-0.423717499
2014,Props57mm,bare.cobble...2cm.,0.423775669
2014,Props810mm,bare.cobble...2cm.,0.365095589
2014,Props1720mm,bare.cobble...2cm.,-0.431874615
2014,LiveableRocks,bare.cobble...2cm.,0.690171291
2014,NonliveableRocks,bare.cobble...2cm.,-0.446920877
2014,CobbleCourseSand,bare.cobble...2cm.,0.911427403
2014,Size.1,bare.cobble...2cm.,0.380788485
2014,Size.2,bare.cobble...2cm.,0.482789115
2014,Surfzone.size..m.,bare.cobble...2cm.,0.604516257
2014,Heading.N,bare.cobble...2cm.,0.315474808
2014,Heading.S,bare.cobble...2cm.,0.375458678
2014,m.to.nearest.pt,bare.cobble...2cm.,-0.493392873
2014,Coastline.angle,bare.cobble...2cm.,-0.322193647
2014,Coastline.regional,bare.cobble...2cm.,-0.494932086
2014,X.10cm2..course.sand,bare.sand..fine.very.course.sand.,0.332014659
2014,bare.cobble...2cm.,bare.sand..fine.very.course.sand.,-0.35316727
2014,s1416mm,bare.sand..fine.very.course.sand.,0.380913882
2014,s1720mm,bare.sand..fine.very.course.sand.,0.814907304
2014,Props1416mm,bare.sand..fine.very.course.sand.,0.476024331
2014,Surfzone.size..m.,bare.sand..fine.very.course.sand.,-0.424289738
2014,Heading,bare.sand..fine.very.course.sand.,-0.356108638
2014,Heading.N,bare.sand..fine.very.course.sand.,-0.676133208
2014,Heading.S,bare.sand..fine.very.course.sand.,-0.311595535
2014,Heading.minus.coast,bare.sand..fine.very.course.sand.,0.320426421
2014,percentage.of.MWD.within.range.2014,bare.sand..fine.very.course.sand.,-0.51368009
2014,Difference.from.300.Northery.heading,bare.sand..fine.very.course.sand.,0.614009215
2014,Total.degrees.opening,bare.sand..fine.very.course.sand.,-0.432377016
2014,Slope.Max,bare.sand..fine.very.course.sand.,-0.316891261
2014,No.Sex.All,rocky.bench,0.445446586
2014,X.10cm2..course.sand,rocky.bench,-0.400449187
2014,cemented.rock.1m2.10cm2,rocky.bench,-0.902672127
2014,bare.cobble...2cm.,rocky.bench,-0.320305437
2014,recruits3mm,rocky.bench,0.485170854
2014,s35mm,rocky.bench,0.422061796
2014,s1to3mmcombined,rocky.bench,0.493892298
2014,Propss1to3mmcombined,rocky.bench,0.442256345
2014,Proprecruits3mm,rocky.bench,0.399788262
2014,Props35mm,rocky.bench,0.303008544
2014,Props810mm,rocky.bench,-0.475381572
2014,LiveableRocks,rocky.bench,-0.325959857
2014,NonliveableRocks,rocky.bench,0.463740732
2014,CobbleCourseSand,rocky.bench,-0.488381185
2014,Size.2,rocky.bench,-0.301546436
2014,Heading.S,rocky.bench,-0.395989628
2014,m.to.nearest.pt,rocky.bench,0.599313748
2014,m.to.land.in.300dir,rocky.bench,0.337661343
2014,percentage.of.MWD.within.range.2014,rocky.bench,0.620832284
2014,Difference.from.300.Northery.heading,rocky.bench,-0.519213918
2014,Total.degrees.opening,rocky.bench,0.803430549
2014,Coastline.angle,rocky.bench,0.397167975
2014,No.Sex.All,recruits3mm,0.91995454
2014,Ovigerous,recruits3mm,-0.478819651
2014,cemented.rock.1m2.10cm2,recruits3mm,-0.300104861
2014,bare.cobble...2cm.,recruits3mm,-0.386041192
2014,rocky.bench,recruits3mm,0.485170854
2014,s35mm,recruits3mm,0.645257914
2014,s57mm,recruits3mm,0.317650034
2014,s1113mm,recruits3mm,-0.453720907
2014,s1416mm,recruits3mm,-0.491860307
2014,ALL,recruits3mm,0.595852401
2014,s1to3mmcombined,recruits3mm,0.987691683
2014,Propss1to3mmcombined,recruits3mm,0.905078041
2014,Proprecruits3mm,recruits3mm,0.877877937
2014,Props35mm,recruits3mm,0.41255755
2014,Props810mm,recruits3mm,-0.742429996
2014,Props1113mm,recruits3mm,-0.559875298
2014,Props1416mm,recruits3mm,-0.565986418
2014,Props1720mm,recruits3mm,-0.309629614
2014,LiveableRocks,recruits3mm,-0.415997973
2014,NonliveableRocks,recruits3mm,0.508792577
2014,Size.1,recruits3mm,-0.41518001
2014,Size.2,recruits3mm,-0.442041819
2014,Difference.from.300.Northery.heading,recruits3mm,-0.501446042
2014,Slope.average,recruits3mm,-0.367625528
2014,Slope.min,recruits3mm,-0.346446465
2014,Slope.Max,recruits3mm,-0.360015743
2014,Coastline.regional,recruits3mm,0.491152763
2014,No.Sex.All,s35mm,0.884096316
2014,X50cm2.10cm2,s35mm,-0.422827273
2014,rocky.bench,s35mm,0.422061796
2014,recruits3mm,s35mm,0.645257914
2014,s57mm,s35mm,0.606712814
2014,s1416mm,s35mm,-0.334261284
2014,s1720mm,s35mm,-0.407964117
2014,ALL,s35mm,0.766768455
2014,s1to3mmcombined,s35mm,0.754412376
2014,Propss1to3mmcombined,s35mm,0.524669616
2014,Proprecruits3mm,s35mm,0.350716195
2014,Props35mm,s35mm,0.909287682
2014,Props810mm,s35mm,-0.604565815
2014,Props1113mm,s35mm,-0.526171021
2014,Props1416mm,s35mm,-0.535799008
2014,Props1720mm,s35mm,-0.354429537
2014,IdealLiveableRocks,s35mm,-0.422827273
2014,NonliveableRocks,s35mm,0.412963667
2014,Surfzone.size..m.,s35mm,0.575830451
2014,Heading,s35mm,0.370511103
2014,percent.in.range.2013,s35mm,0.472812466
2014,Difference.from.300.Northery.heading,s35mm,-0.46025486
2014,Total.degrees.opening,s35mm,0.306198759
2014,Slope.min,s35mm,-0.306989396
2014,Females.All,s57mm,0.707788029
2014,Males.All,s57mm,0.684440456
2014,No.Sex.All,s57mm,0.557738656
2014,X50cm2.10cm2,s57mm,-0.318149489
2014,bare.cobble...2cm.,s57mm,0.438170215
2014,recruits3mm,s57mm,0.317650034
2014,s35mm,s57mm,0.606712814
2014,s810mm,s57mm,0.743494321
2014,s1720mm,s57mm,-0.522110343
2014,ALL,s57mm,0.896143054
2014,s1to3mmcombined,s57mm,0.392552436
2014,MaleFemales,s57mm,0.710607209
2014,FemaleProp,s57mm,0.622223903
2014,MaleProp,s57mm,-0.622223903
2014,Props35mm,s57mm,0.483175758
2014,Props57mm,s57mm,0.525708537
2014,Props1113mm,s57mm,-0.592280596
2014,Props1416mm,s57mm,-0.533885896
2014,Props1720mm,s57mm,-0.552815766
2014,IdealLiveableRocks,s57mm,-0.318149489
2014,CobbleCourseSand,s57mm,0.364675751
2014,Surfzone.size..m.,s57mm,0.791344038
2014,Heading.minus.coast,s57mm,-0.316140879
2014,Slope.average,s57mm,0.32793225
2014,Slope.Max,s57mm,0.452649967
2014,Coastline.angle,s57mm,-0.376872373
2014,Females.All,s810mm,0.972838581
2014,Males.All,s810mm,0.979319846
2014,Ovigerous,s810mm,0.733589421
2014,X.10cm2..course.sand,s810mm,-0.60017811
2014,bare.cobble...2cm.,s810mm,0.634876784
2014,s57mm,s810mm,0.743494321
2014,s1113mm,s810mm,0.612208211
2014,s1416mm,s810mm,0.46812874
2014,s1720mm,s810mm,-0.385216398
2014,ALL,s810mm,0.606360046
2014,MaleFemales,s810mm,0.994403464
2014,FemaleProp,s810mm,0.620243382
2014,MaleProp,s810mm,-0.620243382
2014,Propss1to3mmcombined,s810mm,-0.393068655
2014,Proprecruits3mm,s810mm,-0.419979488
2014,Props57mm,s810mm,0.36063294
2014,Props810mm,s810mm,0.555676476
2014,Props1720mm,s810mm,-0.369953288
2014,LiveableRocks,s810mm,0.516428661
2014,NonliveableRocks,s810mm,-0.326138518
2014,CobbleCourseSand,s810mm,0.381680386
2014,Size.1,s810mm,0.691013982
2014,Size.2,s810mm,0.715005552
2014,Surfzone.size..m.,s810mm,0.690607482
2014,m.to.nearest.pt,s810mm,-0.391994748
2014,Slope.average,s810mm,0.572830119
2014,Slope.min,s810mm,0.341546982
2014,Slope.Max,s810mm,0.668474544
2014,Coastline.angle,s810mm,-0.497979204
2014,Coastline.regional,s810mm,-0.315181492
2014,Females.All,s1113mm,0.696996425
2014,Males.All,s1113mm,0.609178324
2014,No.Sex.All,s1113mm,-0.38877793
2014,Ovigerous,s1113mm,0.865874265
2014,X50cm2.10cm2,s1113mm,0.759955204
2014,X.10cm2..course.sand,s1113mm,-0.581660214
2014,bare.cobble...2cm.,s1113mm,0.383951082
2014,recruits3mm,s1113mm,-0.453720907
2014,s810mm,s1113mm,0.612208211
2014,s1416mm,s1113mm,0.788479227
2014,s1to3mmcombined,s1113mm,-0.438548208
2014,MaleFemales,s1113mm,0.670041711
2014,FemaleProp,s1113mm,0.461443263
2014,MaleProp,s1113mm,-0.461443263
2014,Propss1to3mmcombined,s1113mm,-0.491341912
2014,Proprecruits3mm,s1113mm,-0.457982805
2014,Props35mm,s1113mm,-0.319185776
2014,Props57mm,s1113mm,-0.353404564
2014,Props810mm,s1113mm,0.457362407
2014,Props1113mm,s1113mm,0.611593958
2014,Props1416mm,s1113mm,0.468684322
2014,LiveableRocks,s1113mm,0.799195874
2014,IdealLiveableRocks,s1113mm,0.759955204
2014,NonliveableRocks,s1113mm,-0.732682783
2014,Size.1,s1113mm,0.733773308
2014,Size.2,s1113mm,0.800655877
2014,Size.of.opening,s1113mm,-0.360289541
2014,Heading.minus.coast,s1113mm,0.38548865
2014,m.to.land.in.300dir,s1113mm,0.39108116
2014,percent.in.range.2013,s1113mm,-0.319511471
2014,Slope.average,s1113mm,0.371601551
2014,Slope.min,s1113mm,0.344528374
2014,Slope.Max,s1113mm,0.308276159
2014,Females.All,s1416mm,0.576674599
2014,Males.All,s1416mm,0.480206578
2014,No.Sex.All,s1416mm,-0.448656209
2014,Ovigerous,s1416mm,0.809320578
2014,X50cm2.10cm2,s1416mm,0.618176149
2014,X.10cm2..course.sand,s1416mm,-0.43193258
2014,bare.sand..fine.very.course.sand.,s1416mm,0.380913882
2014,recruits3mm,s1416mm,-0.491860307
2014,s35mm,s1416mm,-0.334261284
2014,s810mm,s1416mm,0.46812874
2014,s1113mm,s1416mm,0.788479227
2014,s1720mm,s1416mm,0.474601016
2014,s1to3mmcombined,s1416mm,-0.486694115
2014,MaleFemales,s1416mm,0.543453301
2014,FemaleProp,s1416mm,0.538595848
2014,MaleProp,s1416mm,-0.538595848
2014,Propss1to3mmcombined,s1416mm,-0.523621911
2014,Proprecruits3mm,s1416mm,-0.477157927
2014,Props35mm,s1416mm,-0.420639173
2014,Props810mm,s1416mm,0.459682374
2014,Props1113mm,s1416mm,0.588563196
2014,Props1416mm,s1416mm,0.725326518
2014,LiveableRocks,s1416mm,0.402754268
2014,IdealLiveableRocks,s1416mm,0.618176149
2014,NonliveableRocks,s1416mm,-0.568645104
2014,Size.1,s1416mm,0.599852152
2014,Size.2,s1416mm,0.621963625
2014,Size.of.opening,s1416mm,-0.321925002
2014,Heading.N,s1416mm,-0.342111851
2014,m.to.land.in.300dir,s1416mm,0.305835784
2014,percent.in.range.2013,s1416mm,-0.323443917
2014,Difference.from.300.Northery.heading,s1416mm,0.350250047
2014,Slope.average,s1416mm,0.383784251
2014,Slope.min,s1416mm,0.370874433
2014,Coastline.angle,s1416mm,-0.360620728
2014,Females.All,s1720mm,-0.327063281
2014,No.Sex.All,s1720mm,-0.40249679
2014,bare.cobble...2cm.,s1720mm,-0.428261223
2014,bare.sand..fine.very.course.sand.,s1720mm,0.814907304
2014,s35mm,s1720mm,-0.407964117
2014,s57mm,s1720mm,-0.522110343
2014,s810mm,s1720mm,-0.385216398
2014,s1416mm,s1720mm,0.474601016
2014,ALL,s1720mm,-0.523085222
2014,s1to3mmcombined,s1720mm,-0.321969559
2014,MaleFemales,s1720mm,-0.314223065
2014,Props35mm,s1720mm,-0.419108068
2014,Props57mm,s1720mm,-0.395902588
2014,Props1113mm,s1720mm,0.547520403
2014,Props1416mm,s1720mm,0.802582415
2014,Props1720mm,s1720mm,0.513138904
2014,CobbleCourseSand,s1720mm,-0.306594072
2014,Surfzone.size..m.,s1720mm,-0.548429363
2014,Heading.N,s1720mm,-0.525313738
2014,Difference.from.300.Northery.heading,s1720mm,0.417582728
2014,Total.degrees.opening,s1720mm,-0.386866972
2014,Slope.Max,s1720mm,-0.325928837
2014,Females.All,ALL,0.622741218
2014,Males.All,ALL,0.526970073
2014,No.Sex.All,ALL,0.779424658
2014,recruits3mm,ALL,0.595852401
2014,s35mm,ALL,0.766768455
2014,s57mm,ALL,0.896143054
2014,s810mm,ALL,0.606360046
2014,s1720mm,ALL,-0.523085222
2014,s1to3mmcombined,ALL,0.663049256
2014,MaleFemales,ALL,0.590719927
2014,FemaleProp,ALL,0.65528787
2014,MaleProp,ALL,-0.65528787
2014,Propss1to3mmcombined,ALL,0.380610729
2014,Props35mm,ALL,0.549800341
2014,Props1113mm,ALL,-0.528247417
2014,Props1416mm,ALL,-0.53314039
2014,Props1720mm,ALL,-0.516998471
2014,Surfzone.size..m.,ALL,0.673593724
2014,Difference.from.300.Northery.heading,ALL,-0.350533101
2014,Total.degrees.opening,ALL,0.301142617
2014,No.Sex.All,s1to3mmcombined,0.967404593
2014,Ovigerous,s1to3mmcombined,-0.446117961
2014,cemented.rock.1m2.10cm2,s1to3mmcombined,-0.305831922
2014,bare.cobble...2cm.,s1to3mmcombined,-0.308089168
2014,rocky.bench,s1to3mmcombined,0.493892298
2014,recruits3mm,s1to3mmcombined,0.987691683
2014,s35mm,s1to3mmcombined,0.754412376
2014,s57mm,s1to3mmcombined,0.392552436
2014,s1113mm,s1to3mmcombined,-0.438548208
2014,s1416mm,s1to3mmcombined,-0.486694115
2014,s1720mm,s1to3mmcombined,-0.321969559
2014,ALL,s1to3mmcombined,0.663049256
2014,Propss1to3mmcombined,s1to3mmcombined,0.886557659
2014,Proprecruits3mm,s1to3mmcombined,0.827366457
2014,Props35mm,s1to3mmcombined,0.54026105
2014,Props810mm,s1to3mmcombined,-0.763686403
2014,Props1113mm,s1to3mmcombined,-0.582612938
2014,Props1416mm,s1to3mmcombined,-0.59054485
2014,Props1720mm,s1to3mmcombined,-0.333702069
2014,LiveableRocks,s1to3mmcombined,-0.397045759
2014,NonliveableRocks,s1to3mmcombined,0.517254357
2014,Size.1,s1to3mmcombined,-0.414951883
2014,Size.2,s1to3mmcombined,-0.43761349
2014,Difference.from.300.Northery.heading,s1to3mmcombined,-0.531073096
2014,Slope.average,s1to3mmcombined,-0.367572024
2014,Slope.min,s1to3mmcombined,-0.352923694
2014,Slope.Max,s1to3mmcombined,-0.357651189
2014,Coastline.regional,s1to3mmcombined,0.475906588
2014,Females.All,MaleFemales,0.984687733
2014,Males.All,MaleFemales,0.977041763
2014,Ovigerous,MaleFemales,0.76968483
2014,X.10cm2..course.sand,MaleFemales,-0.602840874
2014,bare.cobble...2cm.,MaleFemales,0.606088803
2014,s57mm,MaleFemales,0.710607209
2014,s810mm,MaleFemales,0.994403464
2014,s1113mm,MaleFemales,0.670041711
2014,s1416mm,MaleFemales,0.543453301
2014,s1720mm,MaleFemales,-0.314223065
2014,ALL,MaleFemales,0.590719927
2014,FemaleProp,MaleFemales,0.654366984
2014,MaleProp,MaleFemales,-0.654366984
2014,Propss1to3mmcombined,MaleFemales,-0.406047187
2014,Proprecruits3mm,MaleFemales,-0.427195842
2014,Props810mm,MaleFemales,0.541512101
2014,Props1720mm,MaleFemales,-0.311579763
2014,LiveableRocks,MaleFemales,0.548220301
2014,NonliveableRocks,MaleFemales,-0.386123629
2014,CobbleCourseSand,MaleFemales,0.351805658
2014,Size.1,MaleFemales,0.692603844
2014,Size.2,MaleFemales,0.720481739
2014,Surfzone.size..m.,MaleFemales,0.671806017
2014,m.to.nearest.pt,MaleFemales,-0.382828249
2014,Slope.average,MaleFemales,0.576752105
2014,Slope.min,MaleFemales,0.35778669
2014,Slope.Max,MaleFemales,0.656316334
2014,Coastline.angle,MaleFemales,-0.502030109
2014,Females.All,FemaleProp,0.738754886
2014,Males.All,FemaleProp,0.523966945
2014,No.Sex.All,FemaleProp,0.303590952
2014,Ovigerous,FemaleProp,0.515613445
2014,s57mm,FemaleProp,0.622223903
2014,s810mm,FemaleProp,0.620243382
2014,s1113mm,FemaleProp,0.461443263
2014,s1416mm,FemaleProp,0.538595848
2014,ALL,FemaleProp,0.65528787
2014,MaleFemales,FemaleProp,0.654366984
2014,Props1720mm,FemaleProp,-0.30835776
2014,Size.1,FemaleProp,0.347642378
2014,Size.2,FemaleProp,0.395064663
2014,Surfzone.size..m.,FemaleProp,0.548138577
2014,Heading,FemaleProp,0.348644116
2014,m.to.land.in.300dir,FemaleProp,0.475054626
2014,Slope.average,FemaleProp,0.4851202
2014,Slope.min,FemaleProp,0.39815712
2014,Slope.Max,FemaleProp,0.428213286
2014,Coastline.angle,FemaleProp,-0.660505584
2014,Females.All,MaleProp,-0.738754886
2014,Males.All,MaleProp,-0.523966945
2014,No.Sex.All,MaleProp,-0.303590952
2014,Ovigerous,MaleProp,-0.515613445
2014,s57mm,MaleProp,-0.622223903
2014,s810mm,MaleProp,-0.620243382
2014,s1113mm,MaleProp,-0.461443263
2014,s1416mm,MaleProp,-0.538595848
2014,ALL,MaleProp,-0.65528787
2014,MaleFemales,MaleProp,-0.654366984
2014,Props1720mm,MaleProp,0.30835776
2014,Size.1,MaleProp,-0.347642378
2014,Size.2,MaleProp,-0.395064663
2014,Surfzone.size..m.,MaleProp,-0.548138577
2014,Heading,MaleProp,-0.348644116
2014,m.to.land.in.300dir,MaleProp,-0.475054626
2014,Slope.average,MaleProp,-0.4851202
2014,Slope.min,MaleProp,-0.39815712
2014,Slope.Max,MaleProp,-0.428213286
2014,Coastline.angle,MaleProp,0.660505584
2014,Females.All,Propss1to3mmcombined,-0.371785681
2014,Males.All,Propss1to3mmcombined,-0.430997999
2014,No.Sex.All,Propss1to3mmcombined,0.786718253
2014,Ovigerous,Propss1to3mmcombined,-0.504376292
2014,X.10cm2..course.sand,Propss1to3mmcombined,0.399170324
2014,cemented.rock.1m2.10cm2,Propss1to3mmcombined,-0.316016163
2014,bare.cobble...2cm.,Propss1to3mmcombined,-0.340947865
2014,rocky.bench,Propss1to3mmcombined,0.442256345
2014,recruits3mm,Propss1to3mmcombined,0.905078041
2014,s35mm,Propss1to3mmcombined,0.524669616
2014,s810mm,Propss1to3mmcombined,-0.393068655
2014,s1113mm,Propss1to3mmcombined,-0.491341912
2014,s1416mm,Propss1to3mmcombined,-0.523621911
2014,ALL,Propss1to3mmcombined,0.380610729
2014,s1to3mmcombined,Propss1to3mmcombined,0.886557659
2014,MaleFemales,Propss1to3mmcombined,-0.406047187
2014,Proprecruits3mm,Propss1to3mmcombined,0.976466528
2014,Props35mm,Propss1to3mmcombined,0.424135925
2014,Props810mm,Propss1to3mmcombined,-0.853781849
2014,Props1113mm,Propss1to3mmcombined,-0.525758943
2014,Props1416mm,Propss1to3mmcombined,-0.538961228
2014,Props1720mm,Propss1to3mmcombined,-0.343014993
2014,LiveableRocks,Propss1to3mmcombined,-0.337205908
2014,NonliveableRocks,Propss1to3mmcombined,0.376378714
2014,Size.1,Propss1to3mmcombined,-0.476540036
2014,Size.2,Propss1to3mmcombined,-0.488702865
2014,Size.of.opening,Propss1to3mmcombined,-0.345303867
2014,Heading.N,Propss1to3mmcombined,-0.364670825
2014,Heading.S,Propss1to3mmcombined,-0.36117279
2014,Difference.from.300.Northery.heading,Propss1to3mmcombined,-0.377264843
2014,Slope.average,Propss1to3mmcombined,-0.585647189
2014,Slope.min,Propss1to3mmcombined,-0.536530373
2014,Slope.Max,Propss1to3mmcombined,-0.565345657
2014,Coastline.angle,Propss1to3mmcombined,0.354936771
2014,Coastline.regional,Propss1to3mmcombined,0.547694329
2014,Females.All,Proprecruits3mm,-0.404374378
2014,Males.All,Proprecruits3mm,-0.437284333
2014,No.Sex.All,Proprecruits3mm,0.685428089
2014,Ovigerous,Proprecruits3mm,-0.498077072
2014,X.10cm2..course.sand,Proprecruits3mm,0.38709704
2014,bare.cobble...2cm.,Proprecruits3mm,-0.423717499
2014,rocky.bench,Proprecruits3mm,0.399788262
2014,recruits3mm,Proprecruits3mm,0.877877937
2014,s35mm,Proprecruits3mm,0.350716195
2014,s810mm,Proprecruits3mm,-0.419979488
2014,s1113mm,Proprecruits3mm,-0.457982805
2014,s1416mm,Proprecruits3mm,-0.477157927
2014,s1to3mmcombined,Proprecruits3mm,0.827366457
2014,MaleFemales,Proprecruits3mm,-0.427195842
2014,Propss1to3mmcombined,Proprecruits3mm,0.976466528
2014,Props57mm,Proprecruits3mm,-0.311024542
2014,Props810mm,Proprecruits3mm,-0.784553669
2014,Props1113mm,Proprecruits3mm,-0.458061364
2014,Props1416mm,Proprecruits3mm,-0.468264461
2014,LiveableRocks,Proprecruits3mm,-0.319241643
2014,NonliveableRocks,Proprecruits3mm,0.310987413
2014,Size.1,Proprecruits3mm,-0.442569292
2014,Size.2,Proprecruits3mm,-0.457416473
2014,Surfzone.size..m.,Proprecruits3mm,-0.305721215
2014,Size.of.opening,Proprecruits3mm,-0.316854614
2014,Heading.N,Proprecruits3mm,-0.400434702
2014,Heading.S,Proprecruits3mm,-0.359444347
2014,Difference.from.300.Northery.heading,Proprecruits3mm,-0.302437249
2014,Slope.average,Proprecruits3mm,-0.536587591
2014,Slope.min,Proprecruits3mm,-0.481454255
2014,Slope.Max,Proprecruits3mm,-0.523878685
2014,Coastline.angle,Proprecruits3mm,0.339753186
2014,Coastline.regional,Proprecruits3mm,0.549187521
2014,No.Sex.All,Props35mm,0.693592698
2014,X50cm2.10cm2,Props35mm,-0.579745587
2014,rocky.bench,Props35mm,0.303008544
2014,recruits3mm,Props35mm,0.41255755
2014,s35mm,Props35mm,0.909287682
2014,s57mm,Props35mm,0.483175758
2014,s1113mm,Props35mm,-0.319185776
2014,s1416mm,Props35mm,-0.420639173
2014,s1720mm,Props35mm,-0.419108068
2014,ALL,Props35mm,0.549800341
2014,s1to3mmcombined,Props35mm,0.54026105
2014,Propss1to3mmcombined,Props35mm,0.424135925
2014,Props810mm,Props35mm,-0.545504288
2014,Props1113mm,Props35mm,-0.551515134
2014,Props1416mm,Props35mm,-0.573120262
2014,Props1720mm,Props35mm,-0.407116259
2014,IdealLiveableRocks,Props35mm,-0.579745587
2014,NonliveableRocks,Props35mm,0.361331094
2014,CobbleCourseSand,Props35mm,0.357309465
2014,Surfzone.size..m.,Props35mm,0.608220908
2014,Heading,Props35mm,0.342163684
2014,percent.in.range.2013,Props35mm,0.485837959
2014,Difference.from.300.Northery.heading,Props35mm,-0.343788838
2014,Slope.average,Props35mm,-0.327369909
2014,Slope.min,Props35mm,-0.352695616
2014,Males.All,Props57mm,0.343694966
2014,X50cm2.10cm2,Props57mm,-0.688647612
2014,cemented.rock.1m2.10cm2,Props57mm,0.462210949
2014,bare.cobble...2cm.,Props57mm,0.423775669
2014,s57mm,Props57mm,0.525708537
2014,s810mm,Props57mm,0.36063294
2014,s1113mm,Props57mm,-0.353404564
2014,s1720mm,Props57mm,-0.395902588
2014,Proprecruits3mm,Props57mm,-0.311024542
2014,Props810mm,Props57mm,0.408792201
2014,Props1113mm,Props57mm,-0.664414485
2014,Props1416mm,Props57mm,-0.52318193
2014,Props1720mm,Props57mm,-0.584374442
2014,IdealLiveableRocks,Props57mm,-0.688647612
2014,CobbleCourseSand,Props57mm,0.406330855
2014,Surfzone.size..m.,Props57mm,0.438439239
2014,Size.of.opening,Props57mm,0.761161655
2014,Heading,Props57mm,-0.447426902
2014,Heading.N,Props57mm,0.52442181
2014,Heading.S,Props57mm,0.596575573
2014,Heading.minus.coast,Props57mm,-0.454062532
2014,m.to.nearest.pt,Props57mm,-0.511506257
2014,Difference.from.300.Northery.heading,Props57mm,0.333271853
2014,Slope.Max,Props57mm,0.437051719
2014,Coastline.angle,Props57mm,-0.320133801
2014,Coastline.regional,Props57mm,-0.506377447
2014,Females.All,Props810mm,0.491878083
2014,Males.All,Props810mm,0.579604824
2014,No.Sex.All,Props810mm,-0.706428609
2014,Ovigerous,Props810mm,0.536338373
2014,X.10cm2..course.sand,Props810mm,-0.538241145
2014,cemented.rock.1m2.10cm2,Props810mm,0.40808848
2014,bare.cobble...2cm.,Props810mm,0.365095589
2014,rocky.bench,Props810mm,-0.475381572
2014,recruits3mm,Props810mm,-0.742429996
2014,s35mm,Props810mm,-0.604565815
2014,s810mm,Props810mm,0.555676476
2014,s1113mm,Props810mm,0.457362407
2014,s1416mm,Props810mm,0.459682374
2014,s1to3mmcombined,Props810mm,-0.763686403
2014,MaleFemales,Props810mm,0.541512101
2014,Propss1to3mmcombined,Props810mm,-0.853781849
2014,Proprecruits3mm,Props810mm,-0.784553669
2014,Props35mm,Props810mm,-0.545504288
2014,Props57mm,Props810mm,0.408792201
2014,Size.1,Props810mm,0.650851118
2014,Size.2,Props810mm,0.676157635
2014,Size.of.opening,Props810mm,0.409055044
2014,Heading.N,Props810mm,0.443373166
2014,Heading.S,Props810mm,0.475529481
2014,m.to.nearest.pt,Props810mm,-0.361327388
2014,Difference.from.300.Northery.heading,Props810mm,0.359096415
2014,Slope.average,Props810mm,0.685248688
2014,Slope.min,Props810mm,0.570260035
2014,Slope.Max,Props810mm,0.705782004
2014,Coastline.angle,Props810mm,-0.542512207
2014,Coastline.regional,Props810mm,-0.657622639
2014,No.Sex.All,Props1113mm,-0.632587194
2014,Ovigerous,Props1113mm,0.312806321
2014,X50cm2.10cm2,Props1113mm,0.689798958
2014,recruits3mm,Props1113mm,-0.559875298
2014,s35mm,Props1113mm,-0.526171021
2014,s57mm,Props1113mm,-0.592280596
2014,s1113mm,Props1113mm,0.611593958
2014,s1416mm,Props1113mm,0.588563196
2014,s1720mm,Props1113mm,0.547520403
2014,ALL,Props1113mm,-0.528247417
2014,s1to3mmcombined,Props1113mm,-0.582612938
2014,Propss1to3mmcombined,Props1113mm,-0.525758943
2014,Proprecruits3mm,Props1113mm,-0.458061364
2014,Props35mm,Props1113mm,-0.551515134
2014,Props57mm,Props1113mm,-0.664414485
2014,Props1416mm,Props1113mm,0.895409794
2014,Props1720mm,Props1113mm,0.815425827
2014,LiveableRocks,Props1113mm,0.434726031
2014,IdealLiveableRocks,Props1113mm,0.689798958
2014,NonliveableRocks,Props1113mm,-0.559659004
2014,Surfzone.size..m.,Props1113mm,-0.333674133
2014,Size.of.opening,Props1113mm,-0.358985641
2014,Heading.minus.coast,Props1113mm,0.309286133
2014,No.Sex.All,Props1416mm,-0.633639776
2014,Ovigerous,Props1416mm,0.311908651
2014,X50cm2.10cm2,Props1416mm,0.555860044
2014,bare.sand..fine.very.course.sand.,Props1416mm,0.476024331
2014,recruits3mm,Props1416mm,-0.565986418
2014,s35mm,Props1416mm,-0.535799008
2014,s57mm,Props1416mm,-0.533885896
2014,s1113mm,Props1416mm,0.468684322
2014,s1416mm,Props1416mm,0.725326518
2014,s1720mm,Props1416mm,0.802582415
2014,ALL,Props1416mm,-0.53314039
2014,s1to3mmcombined,Props1416mm,-0.59054485
2014,Propss1to3mmcombined,Props1416mm,-0.538961228
2014,Proprecruits3mm,Props1416mm,-0.468264461
2014,Props35mm,Props1416mm,-0.573120262
2014,Props57mm,Props1416mm,-0.52318193
2014,Props1113mm,Props1416mm,0.895409794
2014,Props1720mm,Props1416mm,0.763524394
2014,IdealLiveableRocks,Props1416mm,0.555860044
2014,NonliveableRocks,Props1416mm,-0.441099413
2014,CobbleCourseSand,Props1416mm,-0.335054343
2014,Surfzone.size..m.,Props1416mm,-0.357261545
2014,Heading.N,Props1416mm,-0.331551372
2014,Females.All,Props1720mm,-0.311102045
2014,No.Sex.All,Props1720mm,-0.398164107
2014,X50cm2.10cm2,Props1720mm,0.439525226
2014,bare.cobble...2cm.,Props1720mm,-0.431874615
2014,recruits3mm,Props1720mm,-0.309629614
2014,s35mm,Props1720mm,-0.354429537
2014,s57mm,Props1720mm,-0.552815766
2014,s810mm,Props1720mm,-0.369953288
2014,s1720mm,Props1720mm,0.513138904
2014,ALL,Props1720mm,-0.516998471
2014,s1to3mmcombined,Props1720mm,-0.333702069
2014,MaleFemales,Props1720mm,-0.311579763
2014,FemaleProp,Props1720mm,-0.30835776
2014,MaleProp,Props1720mm,0.30835776
2014,Propss1to3mmcombined,Props1720mm,-0.343014993
2014,Props35mm,Props1720mm,-0.407116259
2014,Props57mm,Props1720mm,-0.584374442
2014,Props1113mm,Props1720mm,0.815425827
2014,Props1416mm,Props1720mm,0.763524394
2014,IdealLiveableRocks,Props1720mm,0.439525226
2014,CobbleCourseSand,Props1720mm,-0.399378088
2014,Surfzone.size..m.,Props1720mm,-0.368533057
2014,m.to.nearest.pt,Props1720mm,0.644223814
2014,Coastline.angle,Props1720mm,0.332010272
2014,Females.All,LiveableRocks,0.526593686
2014,Males.All,LiveableRocks,0.551805274
2014,No.Sex.All,LiveableRocks,-0.341369491
2014,Ovigerous,LiveableRocks,0.617597053
2014,X50cm2.10cm2,LiveableRocks,0.48079897
2014,bare.cobble...2cm.,LiveableRocks,0.690171291
2014,rocky.bench,LiveableRocks,-0.325959857
2014,recruits3mm,LiveableRocks,-0.415997973
2014,s810mm,LiveableRocks,0.516428661
2014,s1113mm,LiveableRocks,0.799195874
2014,s1416mm,LiveableRocks,0.402754268
2014,s1to3mmcombined,LiveableRocks,-0.397045759
2014,MaleFemales,LiveableRocks,0.548220301
2014,Propss1to3mmcombined,LiveableRocks,-0.337205908
2014,Proprecruits3mm,LiveableRocks,-0.319241643
2014,Props1113mm,LiveableRocks,0.434726031
2014,IdealLiveableRocks,LiveableRocks,0.48079897
2014,NonliveableRocks,LiveableRocks,-0.8767461
2014,CobbleCourseSand,LiveableRocks,0.60187226
2014,Size.1,LiveableRocks,0.549727863
2014,Size.2,LiveableRocks,0.632952379
2014,Size.of.opening,LiveableRocks,-0.318559603
2014,Heading.minus.coast,LiveableRocks,0.336971906
2014,m.to.nearest.pt,LiveableRocks,-0.345460104
2014,percent.in.range.2013,LiveableRocks,-0.313898894
2014,No.Sex.All,IdealLiveableRocks,-0.336927027
2014,Ovigerous,IdealLiveableRocks,0.567267844
2014,X.10cm2..course.sand,IdealLiveableRocks,-0.471424429
2014,cemented.rock.1m2.10cm2,IdealLiveableRocks,-0.440522617
2014,s35mm,IdealLiveableRocks,-0.422827273
2014,s57mm,IdealLiveableRocks,-0.318149489
2014,s1113mm,IdealLiveableRocks,0.759955204
2014,s1416mm,IdealLiveableRocks,0.618176149
2014,Props35mm,IdealLiveableRocks,-0.579745587
2014,Props57mm,IdealLiveableRocks,-0.688647612
2014,Props1113mm,IdealLiveableRocks,0.689798958
2014,Props1416mm,IdealLiveableRocks,0.555860044
2014,Props1720mm,IdealLiveableRocks,0.439525226
2014,LiveableRocks,IdealLiveableRocks,0.48079897
2014,NonliveableRocks,IdealLiveableRocks,-0.525887002
2014,CobbleCourseSand,IdealLiveableRocks,-0.410850874
2014,Size.1,IdealLiveableRocks,0.47433235
2014,Size.2,IdealLiveableRocks,0.474719455
2014,Size.of.opening,IdealLiveableRocks,-0.38428492
2014,Heading.S,IdealLiveableRocks,-0.498152243
2014,Heading.minus.coast,IdealLiveableRocks,0.582083322
2014,percent.in.range.2013,IdealLiveableRocks,-0.504579779
2014,Total.degrees.opening,IdealLiveableRocks,0.35134477
2014,Slope.min,IdealLiveableRocks,0.408498487
2014,Females.All,NonliveableRocks,-0.364219702
2014,Males.All,NonliveableRocks,-0.39680233
2014,No.Sex.All,NonliveableRocks,0.500793386
2014,Ovigerous,NonliveableRocks,-0.593835899
2014,X50cm2.10cm2,NonliveableRocks,-0.525887002
2014,bare.cobble...2cm.,NonliveableRocks,-0.446920877
2014,rocky.bench,NonliveableRocks,0.463740732
2014,recruits3mm,NonliveableRocks,0.508792577
2014,s35mm,NonliveableRocks,0.412963667
2014,s810mm,NonliveableRocks,-0.326138518
2014,s1113mm,NonliveableRocks,-0.732682783
2014,s1416mm,NonliveableRocks,-0.568645104
2014,s1to3mmcombined,NonliveableRocks,0.517254357
2014,MaleFemales,NonliveableRocks,-0.386123629
2014,Propss1to3mmcombined,NonliveableRocks,0.376378714
2014,Proprecruits3mm,NonliveableRocks,0.310987413
2014,Props35mm,NonliveableRocks,0.361331094
2014,Props1113mm,NonliveableRocks,-0.559659004
2014,Props1416mm,NonliveableRocks,-0.441099413
2014,LiveableRocks,NonliveableRocks,-0.8767461
2014,IdealLiveableRocks,NonliveableRocks,-0.525887002
2014,CobbleCourseSand,NonliveableRocks,-0.432651647
2014,Size.1,NonliveableRocks,-0.450709074
2014,Size.2,NonliveableRocks,-0.501780549
2014,Heading.N,NonliveableRocks,0.37362764
2014,Heading.minus.coast,NonliveableRocks,-0.462604477
2014,m.to.nearest.pt,NonliveableRocks,0.480171228
2014,percentage.of.MWD.within.range.2014,NonliveableRocks,0.42232438
2014,percent.in.range.2013,NonliveableRocks,0.508141672
2014,Difference.from.300.Northery.heading,NonliveableRocks,-0.528145891
2014,Males.All,CobbleCourseSand,0.406641866
2014,X50cm2.10cm2,CobbleCourseSand,-0.410850874
2014,cemented.rock.1m2.10cm2,CobbleCourseSand,0.340708607
2014,bare.cobble...2cm.,CobbleCourseSand,0.911427403
2014,rocky.bench,CobbleCourseSand,-0.488381185
2014,s57mm,CobbleCourseSand,0.364675751
2014,s810mm,CobbleCourseSand,0.381680386
2014,s1720mm,CobbleCourseSand,-0.306594072
2014,MaleFemales,CobbleCourseSand,0.351805658
2014,Props35mm,CobbleCourseSand,0.357309465
2014,Props57mm,CobbleCourseSand,0.406330855
2014,Props1416mm,CobbleCourseSand,-0.335054343
2014,Props1720mm,CobbleCourseSand,-0.399378088
2014,LiveableRocks,CobbleCourseSand,0.60187226
2014,IdealLiveableRocks,CobbleCourseSand,-0.410850874
2014,NonliveableRocks,CobbleCourseSand,-0.432651647
2014,Surfzone.size..m.,CobbleCourseSand,0.4401482
2014,Heading.S,CobbleCourseSand,0.371814107
2014,m.to.nearest.pt,CobbleCourseSand,-0.512316695
2014,Total.degrees.opening,CobbleCourseSand,-0.386041368
2014,Slope.min,CobbleCourseSand,-0.342187598
2014,Females.All,Size.1,0.679391629
2014,Males.All,Size.1,0.679888782
2014,No.Sex.All,Size.1,-0.339063261
2014,Ovigerous,Size.1,0.889850755
2014,X50cm2.10cm2,Size.1,0.47433235
2014,X.10cm2..course.sand,Size.1,-0.572372936
2014,bare.cobble...2cm.,Size.1,0.380788485
2014,recruits3mm,Size.1,-0.41518001
2014,s810mm,Size.1,0.691013982
2014,s1113mm,Size.1,0.733773308
2014,s1416mm,Size.1,0.599852152
2014,s1to3mmcombined,Size.1,-0.414951883
2014,MaleFemales,Size.1,0.692603844
2014,FemaleProp,Size.1,0.347642378
2014,MaleProp,Size.1,-0.347642378
2014,Propss1to3mmcombined,Size.1,-0.476540036
2014,Proprecruits3mm,Size.1,-0.442569292
2014,Props810mm,Size.1,0.650851118
2014,LiveableRocks,Size.1,0.549727863
2014,IdealLiveableRocks,Size.1,0.47433235
2014,NonliveableRocks,Size.1,-0.450709074
2014,Size.2,Size.1,0.971614597
2014,Heading.minus.coast,Size.1,0.421345818
2014,m.to.nearest.pt,Size.1,-0.369292901
2014,Slope.average,Size.1,0.356905507
2014,Slope.Max,Size.1,0.357849748
2014,Females.All,Size.2,0.713415053
2014,Males.All,Size.2,0.699094432
2014,No.Sex.All,Size.2,-0.365324148
2014,Ovigerous,Size.2,0.88152111
2014,X50cm2.10cm2,Size.2,0.474719455
2014,X.10cm2..course.sand,Size.2,-0.6096984
2014,bare.cobble...2cm.,Size.2,0.482789115
2014,rocky.bench,Size.2,-0.301546436
2014,recruits3mm,Size.2,-0.442041819
2014,s810mm,Size.2,0.715005552
2014,s1113mm,Size.2,0.800655877
2014,s1416mm,Size.2,0.621963625
2014,s1to3mmcombined,Size.2,-0.43761349
2014,MaleFemales,Size.2,0.720481739
2014,FemaleProp,Size.2,0.395064663
2014,MaleProp,Size.2,-0.395064663
2014,Propss1to3mmcombined,Size.2,-0.488702865
2014,Proprecruits3mm,Size.2,-0.457416473
2014,Props810mm,Size.2,0.676157635
2014,LiveableRocks,Size.2,0.632952379
2014,IdealLiveableRocks,Size.2,0.474719455
2014,NonliveableRocks,Size.2,-0.501780549
2014,Size.1,Size.2,0.971614597
2014,Heading.minus.coast,Size.2,0.328814456
2014,m.to.nearest.pt,Size.2,-0.415175064
2014,Slope.average,Size.2,0.350387155
2014,Slope.Max,Size.2,0.353111139
2014,Coastline.angle,Size.2,-0.331389143
2014,Females.All,Surfzone.size..m.,0.728053266
2014,Males.All,Surfzone.size..m.,0.575070323
2014,No.Sex.All,Surfzone.size..m.,0.312052864
2014,Ovigerous,Surfzone.size..m.,0.382148597
2014,X.10cm2..course.sand,Surfzone.size..m.,-0.389089461
2014,bare.cobble...2cm.,Surfzone.size..m.,0.604516257
2014,bare.sand..fine.very.course.sand.,Surfzone.size..m.,-0.424289738
2014,s35mm,Surfzone.size..m.,0.575830451
2014,s57mm,Surfzone.size..m.,0.791344038
2014,s810mm,Surfzone.size..m.,0.690607482
2014,s1720mm,Surfzone.size..m.,-0.548429363
2014,ALL,Surfzone.size..m.,0.673593724
2014,MaleFemales,Surfzone.size..m.,0.671806017
2014,FemaleProp,Surfzone.size..m.,0.548138577
2014,MaleProp,Surfzone.size..m.,-0.548138577
2014,Proprecruits3mm,Surfzone.size..m.,-0.305721215
2014,Props35mm,Surfzone.size..m.,0.608220908
2014,Props57mm,Surfzone.size..m.,0.438439239
2014,Props1113mm,Surfzone.size..m.,-0.333674133
2014,Props1416mm,Surfzone.size..m.,-0.357261545
2014,Props1720mm,Surfzone.size..m.,-0.368533057
2014,CobbleCourseSand,Surfzone.size..m.,0.4401482
2014,Heading.N,Surfzone.size..m.,0.450907158
2014,Heading.minus.coast,Surfzone.size..m.,-0.361627417
2014,m.to.land.in.300dir,Surfzone.size..m.,0.394522689
2014,percentage.of.MWD.within.range.2014,Surfzone.size..m.,0.356198108
2014,Slope.average,Surfzone.size..m.,0.471658908
2014,Slope.min,Surfzone.size..m.,0.335551546
2014,Slope.Max,Surfzone.size..m.,0.540947983
2014,Coastline.angle,Surfzone.size..m.,-0.39455945
2014,X50cm2.10cm2,Size.of.opening,-0.38428492
2014,s1113mm,Size.of.opening,-0.360289541
2014,s1416mm,Size.of.opening,-0.321925002
2014,Propss1to3mmcombined,Size.of.opening,-0.345303867
2014,Proprecruits3mm,Size.of.opening,-0.316854614
2014,Props57mm,Size.of.opening,0.761161655
2014,Props810mm,Size.of.opening,0.409055044
2014,Props1113mm,Size.of.opening,-0.358985641
2014,LiveableRocks,Size.of.opening,-0.318559603
2014,IdealLiveableRocks,Size.of.opening,-0.38428492
2014,Heading,Size.of.opening,-0.585112207
2014,Heading.N,Size.of.opening,0.597122151
2014,Heading.S,Size.of.opening,0.60887955
2014,m.to.nearest.pt,Size.of.opening,-0.360204142
2014,Difference.from.300.Northery.heading,Size.of.opening,0.407146084
2014,Slope.average,Size.of.opening,0.334704231
2014,Slope.Max,Size.of.opening,0.410275435
2014,Coastline.regional,Size.of.opening,-0.484157531
2014,bare.sand..fine.very.course.sand.,Heading,-0.356108638
2014,s35mm,Heading,0.370511103
2014,FemaleProp,Heading,0.348644116
2014,MaleProp,Heading,-0.348644116
2014,Props35mm,Heading,0.342163684
2014,Props57mm,Heading,-0.447426902
2014,Size.of.opening,Heading,-0.585112207
2014,m.to.nearest.pt,Heading,0.537690483
2014,m.to.land.in.300dir,Heading,0.677679598
2014,percentage.of.MWD.within.range.2014,Heading,0.686600947
2014,percent.in.range.2013,Heading,0.447800586
2014,Difference.from.300.Northery.heading,Heading,-0.667995635
2014,X.10cm2..course.sand,Heading.N,-0.445073744
2014,bare.cobble...2cm.,Heading.N,0.315474808
2014,bare.sand..fine.very.course.sand.,Heading.N,-0.676133208
2014,s1416mm,Heading.N,-0.342111851
2014,s1720mm,Heading.N,-0.525313738
2014,Propss1to3mmcombined,Heading.N,-0.364670825
2014,Proprecruits3mm,Heading.N,-0.400434702
2014,Props57mm,Heading.N,0.52442181
2014,Props810mm,Heading.N,0.443373166
2014,Props1416mm,Heading.N,-0.331551372
2014,NonliveableRocks,Heading.N,0.37362764
2014,Surfzone.size..m.,Heading.N,0.450907158
2014,Size.of.opening,Heading.N,0.597122151
2014,Heading.S,Heading.N,0.755298952
2014,Heading.minus.coast,Heading.N,-0.709408839
2014,m.to.land.in.300dir,Heading.N,0.351505513
2014,percentage.of.MWD.within.range.2014,Heading.N,0.488948228
2014,Slope.average,Heading.N,0.550668472
2014,Slope.min,Heading.N,0.51401384
2014,Slope.Max,Heading.N,0.606651922
2014,Coastline.angle,Heading.N,-0.423408811
2014,Coastline.regional,Heading.N,-0.773365673
2014,X50cm2.10cm2,Heading.S,-0.498152243
2014,cemented.rock.1m2.10cm2,Heading.S,0.516288608
2014,bare.cobble...2cm.,Heading.S,0.375458678
2014,bare.sand..fine.very.course.sand.,Heading.S,-0.311595535
2014,rocky.bench,Heading.S,-0.395989628
2014,Propss1to3mmcombined,Heading.S,-0.36117279
2014,Proprecruits3mm,Heading.S,-0.359444347
2014,Props57mm,Heading.S,0.596575573
2014,Props810mm,Heading.S,0.475529481
2014,IdealLiveableRocks,Heading.S,-0.498152243
2014,CobbleCourseSand,Heading.S,0.371814107
2014,Size.of.opening,Heading.S,0.60887955
2014,Heading.N,Heading.S,0.755298952
2014,Heading.minus.coast,Heading.S,-0.774598926
2014,m.to.nearest.pt,Heading.S,-0.405004178
2014,Total.degrees.opening,Heading.S,-0.491781904
2014,Slope.average,Heading.S,0.347702587
2014,Slope.Max,Heading.S,0.422259583
2014,Coastline.angle,Heading.S,-0.667629794
2014,Coastline.regional,Heading.S,-0.832666215
2014,Ovigerous,Heading.minus.coast,0.411012895
2014,X50cm2.10cm2,Heading.minus.coast,0.582083322
2014,cemented.rock.1m2.10cm2,Heading.minus.coast,-0.363514405
2014,bare.sand..fine.very.course.sand.,Heading.minus.coast,0.320426421
2014,s57mm,Heading.minus.coast,-0.316140879
2014,s1113mm,Heading.minus.coast,0.38548865
2014,Props57mm,Heading.minus.coast,-0.454062532
2014,Props1113mm,Heading.minus.coast,0.309286133
2014,LiveableRocks,Heading.minus.coast,0.336971906
2014,IdealLiveableRocks,Heading.minus.coast,0.582083322
2014,NonliveableRocks,Heading.minus.coast,-0.462604477
2014,Size.1,Heading.minus.coast,0.421345818
2014,Size.2,Heading.minus.coast,0.328814456
2014,Surfzone.size..m.,Heading.minus.coast,-0.361627417
2014,Heading.N,Heading.minus.coast,-0.709408839
2014,Heading.S,Heading.minus.coast,-0.774598926
2014,percentage.of.MWD.within.range.2014,Heading.minus.coast,-0.418743508
2014,Slope.average,Heading.minus.coast,-0.389758824
2014,Slope.min,Heading.minus.coast,-0.32548221
2014,Slope.Max,Heading.minus.coast,-0.436281059
2014,Coastline.angle,Heading.minus.coast,0.60385794
2014,Coastline.regional,Heading.minus.coast,0.609375792
2014,Females.All,m.to.nearest.pt,-0.341398672
2014,Males.All,m.to.nearest.pt,-0.417506822
2014,Ovigerous,m.to.nearest.pt,-0.310691098
2014,cemented.rock.1m2.10cm2,m.to.nearest.pt,-0.442750462
2014,bare.cobble...2cm.,m.to.nearest.pt,-0.493392873
2014,rocky.bench,m.to.nearest.pt,0.599313748
2014,s810mm,m.to.nearest.pt,-0.391994748
2014,MaleFemales,m.to.nearest.pt,-0.382828249
2014,Props57mm,m.to.nearest.pt,-0.511506257
2014,Props810mm,m.to.nearest.pt,-0.361327388
2014,Props1720mm,m.to.nearest.pt,0.644223814
2014,LiveableRocks,m.to.nearest.pt,-0.345460104
2014,NonliveableRocks,m.to.nearest.pt,0.480171228
2014,CobbleCourseSand,m.to.nearest.pt,-0.512316695
2014,Size.1,m.to.nearest.pt,-0.369292901
2014,Size.2,m.to.nearest.pt,-0.415175064
2014,Size.of.opening,m.to.nearest.pt,-0.360204142
2014,Heading,m.to.nearest.pt,0.537690483
2014,Heading.S,m.to.nearest.pt,-0.405004178
2014,percentage.of.MWD.within.range.2014,m.to.nearest.pt,0.689165237
2014,percent.in.range.2013,m.to.nearest.pt,0.313608198
2014,Difference.from.300.Northery.heading,m.to.nearest.pt,-0.801048277
2014,Total.degrees.opening,m.to.nearest.pt,0.652915946
2014,Coastline.angle,m.to.nearest.pt,0.503350544
2014,Coastline.regional,m.to.nearest.pt,0.364676848
2014,Females.All,m.to.land.in.300dir,0.407764383
2014,X.10cm2..course.sand,m.to.land.in.300dir,-0.653352199
2014,cemented.rock.1m2.10cm2,m.to.land.in.300dir,-0.344734877
2014,rocky.bench,m.to.land.in.300dir,0.337661343
2014,s1113mm,m.to.land.in.300dir,0.39108116
2014,s1416mm,m.to.land.in.300dir,0.305835784
2014,FemaleProp,m.to.land.in.300dir,0.475054626
2014,MaleProp,m.to.land.in.300dir,-0.475054626
2014,Surfzone.size..m.,m.to.land.in.300dir,0.394522689
2014,Heading,m.to.land.in.300dir,0.677679598
2014,Heading.N,m.to.land.in.300dir,0.351505513
2014,percentage.of.MWD.within.range.2014,m.to.land.in.300dir,0.674873612
2014,Slope.average,m.to.land.in.300dir,0.329724611
2014,Slope.min,m.to.land.in.300dir,0.39336658
2014,Coastline.angle,m.to.land.in.300dir,-0.535467779
2014,Coastline.regional,m.to.land.in.300dir,-0.451306707
2014,X.10cm2..course.sand,percentage.of.MWD.within.range.2014,-0.552824349
2014,cemented.rock.1m2.10cm2,percentage.of.MWD.within.range.2014,-0.495118656
2014,bare.sand..fine.very.course.sand.,percentage.of.MWD.within.range.2014,-0.51368009
2014,rocky.bench,percentage.of.MWD.within.range.2014,0.620832284
2014,NonliveableRocks,percentage.of.MWD.within.range.2014,0.42232438
2014,Surfzone.size..m.,percentage.of.MWD.within.range.2014,0.356198108
2014,Heading,percentage.of.MWD.within.range.2014,0.686600947
2014,Heading.N,percentage.of.MWD.within.range.2014,0.488948228
2014,Heading.minus.coast,percentage.of.MWD.within.range.2014,-0.418743508
2014,m.to.nearest.pt,percentage.of.MWD.within.range.2014,0.689165237
2014,m.to.land.in.300dir,percentage.of.MWD.within.range.2014,0.674873612
2014,Difference.from.300.Northery.heading,percentage.of.MWD.within.range.2014,-0.713017796
2014,Total.degrees.opening,percentage.of.MWD.within.range.2014,0.647790854
2014,Slope.average,percentage.of.MWD.within.range.2014,0.331141668
2014,Slope.min,percentage.of.MWD.within.range.2014,0.42297556
2014,No.Sex.All,percent.in.range.2013,0.339795062
2014,Ovigerous,percent.in.range.2013,-0.361388173
2014,X50cm2.10cm2,percent.in.range.2013,-0.504579779
2014,s35mm,percent.in.range.2013,0.472812466
2014,s1113mm,percent.in.range.2013,-0.319511471
2014,s1416mm,percent.in.range.2013,-0.323443917
2014,Props35mm,percent.in.range.2013,0.485837959
2014,LiveableRocks,percent.in.range.2013,-0.313898894
2014,IdealLiveableRocks,percent.in.range.2013,-0.504579779
2014,NonliveableRocks,percent.in.range.2013,0.508141672
2014,Heading,percent.in.range.2013,0.447800586
2014,m.to.nearest.pt,percent.in.range.2013,0.313608198
2014,Difference.from.300.Northery.heading,percent.in.range.2013,-0.330811871
2014,Slope.average,percent.in.range.2013,-0.613892632
2014,Slope.min,percent.in.range.2013,-0.594670727
2014,Slope.Max,percent.in.range.2013,-0.599929803
2014,No.Sex.All,Difference.from.300.Northery.heading,-0.521897954
2014,cemented.rock.1m2.10cm2,Difference.from.300.Northery.heading,0.32910245
2014,bare.sand..fine.very.course.sand.,Difference.from.300.Northery.heading,0.614009215
2014,rocky.bench,Difference.from.300.Northery.heading,-0.519213918
2014,recruits3mm,Difference.from.300.Northery.heading,-0.501446042
2014,s35mm,Difference.from.300.Northery.heading,-0.46025486
2014,s1416mm,Difference.from.300.Northery.heading,0.350250047
2014,s1720mm,Difference.from.300.Northery.heading,0.417582728
2014,ALL,Difference.from.300.Northery.heading,-0.350533101
2014,s1to3mmcombined,Difference.from.300.Northery.heading,-0.531073096
2014,Propss1to3mmcombined,Difference.from.300.Northery.heading,-0.377264843
2014,Proprecruits3mm,Difference.from.300.Northery.heading,-0.302437249
2014,Props35mm,Difference.from.300.Northery.heading,-0.343788838
2014,Props57mm,Difference.from.300.Northery.heading,0.333271853
2014,Props810mm,Difference.from.300.Northery.heading,0.359096415
2014,NonliveableRocks,Difference.from.300.Northery.heading,-0.528145891
2014,Size.of.opening,Difference.from.300.Northery.heading,0.407146084
2014,Heading,Difference.from.300.Northery.heading,-0.667995635
2014,m.to.nearest.pt,Difference.from.300.Northery.heading,-0.801048277
2014,percentage.of.MWD.within.range.2014,Difference.from.300.Northery.heading,-0.713017796
2014,percent.in.range.2013,Difference.from.300.Northery.heading,-0.330811871
2014,Total.degrees.opening,Difference.from.300.Northery.heading,-0.605835983
2014,Coastline.regional,Difference.from.300.Northery.heading,-0.341208002
2014,X50cm2.10cm2,Total.degrees.opening,0.35134477
2014,X.10cm2..course.sand,Total.degrees.opening,-0.579901324
2014,cemented.rock.1m2.10cm2,Total.degrees.opening,-0.769236037
2014,bare.sand..fine.very.course.sand.,Total.degrees.opening,-0.432377016
2014,rocky.bench,Total.degrees.opening,0.803430549
2014,s35mm,Total.degrees.opening,0.306198759
2014,s1720mm,Total.degrees.opening,-0.386866972
2014,ALL,Total.degrees.opening,0.301142617
2014,IdealLiveableRocks,Total.degrees.opening,0.35134477
2014,CobbleCourseSand,Total.degrees.opening,-0.386041368
2014,Heading.S,Total.degrees.opening,-0.491781904
2014,m.to.nearest.pt,Total.degrees.opening,0.652915946
2014,percentage.of.MWD.within.range.2014,Total.degrees.opening,0.647790854
2014,Difference.from.300.Northery.heading,Total.degrees.opening,-0.605835983
2014,Coastline.angle,Total.degrees.opening,0.435744783
2014,Females.All,Slope.average,0.606347446
2014,Males.All,Slope.average,0.516549097
2014,No.Sex.All,Slope.average,-0.308126526
2014,Ovigerous,Slope.average,0.437484918
2014,X.10cm2..course.sand,Slope.average,-0.60390464
2014,recruits3mm,Slope.average,-0.367625528
2014,s57mm,Slope.average,0.32793225
2014,s810mm,Slope.average,0.572830119
2014,s1113mm,Slope.average,0.371601551
2014,s1416mm,Slope.average,0.383784251
2014,s1to3mmcombined,Slope.average,-0.367572024
2014,MaleFemales,Slope.average,0.576752105
2014,FemaleProp,Slope.average,0.4851202
2014,MaleProp,Slope.average,-0.4851202
2014,Propss1to3mmcombined,Slope.average,-0.585647189
2014,Proprecruits3mm,Slope.average,-0.536587591
2014,Props35mm,Slope.average,-0.327369909
2014,Props810mm,Slope.average,0.685248688
2014,Size.1,Slope.average,0.356905507
2014,Size.2,Slope.average,0.350387155
2014,Surfzone.size..m.,Slope.average,0.471658908
2014,Size.of.opening,Slope.average,0.334704231
2014,Heading.N,Slope.average,0.550668472
2014,Heading.S,Slope.average,0.347702587
2014,Heading.minus.coast,Slope.average,-0.389758824
2014,m.to.land.in.300dir,Slope.average,0.329724611
2014,percentage.of.MWD.within.range.2014,Slope.average,0.331141668
2014,percent.in.range.2013,Slope.average,-0.613892632
2014,Slope.min,Slope.average,0.948551055
2014,Slope.Max,Slope.average,0.964403636
2014,Coastline.angle,Slope.average,-0.576777358
2014,Coastline.regional,Slope.average,-0.422506959
2014,Females.All,Slope.min,0.420297379
2014,No.Sex.All,Slope.min,-0.331522334
2014,Ovigerous,Slope.min,0.355257999
2014,X50cm2.10cm2,Slope.min,0.408498487
2014,X.10cm2..course.sand,Slope.min,-0.58731453
2014,recruits3mm,Slope.min,-0.346446465
2014,s35mm,Slope.min,-0.306989396
2014,s810mm,Slope.min,0.341546982
2014,s1113mm,Slope.min,0.344528374
2014,s1416mm,Slope.min,0.370874433
2014,s1to3mmcombined,Slope.min,-0.352923694
2014,MaleFemales,Slope.min,0.35778669
2014,FemaleProp,Slope.min,0.39815712
2014,MaleProp,Slope.min,-0.39815712
2014,Propss1to3mmcombined,Slope.min,-0.536530373
2014,Proprecruits3mm,Slope.min,-0.481454255
2014,Props35mm,Slope.min,-0.352695616
2014,Props810mm,Slope.min,0.570260035
2014,IdealLiveableRocks,Slope.min,0.408498487
2014,CobbleCourseSand,Slope.min,-0.342187598
2014,Surfzone.size..m.,Slope.min,0.335551546
2014,Heading.N,Slope.min,0.51401384
2014,Heading.minus.coast,Slope.min,-0.32548221
2014,m.to.land.in.300dir,Slope.min,0.39336658
2014,percentage.of.MWD.within.range.2014,Slope.min,0.42297556
2014,percent.in.range.2013,Slope.min,-0.594670727
2014,Slope.average,Slope.min,0.948551055
2014,Slope.Max,Slope.min,0.842827508
2014,Coastline.angle,Slope.min,-0.458239116
2014,Coastline.regional,Slope.min,-0.326583896
2014,Females.All,Slope.Max,0.653533034
2014,Males.All,Slope.Max,0.632368117
2014,Ovigerous,Slope.Max,0.406076645
2014,X.10cm2..course.sand,Slope.Max,-0.579123625
2014,bare.sand..fine.very.course.sand.,Slope.Max,-0.316891261
2014,recruits3mm,Slope.Max,-0.360015743
2014,s57mm,Slope.Max,0.452649967
2014,s810mm,Slope.Max,0.668474544
2014,s1113mm,Slope.Max,0.308276159
2014,s1720mm,Slope.Max,-0.325928837
2014,s1to3mmcombined,Slope.Max,-0.357651189
2014,MaleFemales,Slope.Max,0.656316334
2014,FemaleProp,Slope.Max,0.428213286
2014,MaleProp,Slope.Max,-0.428213286
2014,Propss1to3mmcombined,Slope.Max,-0.565345657
2014,Proprecruits3mm,Slope.Max,-0.523878685
2014,Props57mm,Slope.Max,0.437051719
2014,Props810mm,Slope.Max,0.705782004
2014,Size.1,Slope.Max,0.357849748
2014,Size.2,Slope.Max,0.353111139
2014,Surfzone.size..m.,Slope.Max,0.540947983
2014,Size.of.opening,Slope.Max,0.410275435
2014,Heading.N,Slope.Max,0.606651922
2014,Heading.S,Slope.Max,0.422259583
2014,Heading.minus.coast,Slope.Max,-0.436281059
2014,percent.in.range.2013,Slope.Max,-0.599929803
2014,Slope.average,Slope.Max,0.964403636
2014,Slope.min,Slope.Max,0.842827508
2014,Coastline.angle,Slope.Max,-0.57633932
2014,Coastline.regional,Slope.Max,-0.497703213
2014,Females.All,Coastline.angle,-0.535042914
2014,Males.All,Coastline.angle,-0.440764356
2014,X.10cm2..course.sand,Coastline.angle,0.303754138
2014,cemented.rock.1m2.10cm2,Coastline.angle,-0.402340873
2014,bare.cobble...2cm.,Coastline.angle,-0.322193647
2014,rocky.bench,Coastline.angle,0.397167975
2014,s57mm,Coastline.angle,-0.376872373
2014,s810mm,Coastline.angle,-0.497979204
2014,s1416mm,Coastline.angle,-0.360620728
2014,MaleFemales,Coastline.angle,-0.502030109
2014,FemaleProp,Coastline.angle,-0.660505584
2014,MaleProp,Coastline.angle,0.660505584
2014,Propss1to3mmcombined,Coastline.angle,0.354936771
2014,Proprecruits3mm,Coastline.angle,0.339753186
2014,Props57mm,Coastline.angle,-0.320133801
2014,Props810mm,Coastline.angle,-0.542512207
2014,Props1720mm,Coastline.angle,0.332010272
2014,Size.2,Coastline.angle,-0.331389143
2014,Surfzone.size..m.,Coastline.angle,-0.39455945
2014,Heading.N,Coastline.angle,-0.423408811
2014,Heading.S,Coastline.angle,-0.667629794
2014,Heading.minus.coast,Coastline.angle,0.60385794
2014,m.to.nearest.pt,Coastline.angle,0.503350544
2014,m.to.land.in.300dir,Coastline.angle,-0.535467779
2014,Total.degrees.opening,Coastline.angle,0.435744783
2014,Slope.average,Coastline.angle,-0.576777358
2014,Slope.min,Coastline.angle,-0.458239116
2014,Slope.Max,Coastline.angle,-0.57633932
2014,Coastline.regional,Coastline.angle,0.673809656
2014,No.Sex.All,Coastline.regional,0.417050442
2014,X.10cm2..course.sand,Coastline.regional,0.462378866
2014,bare.cobble...2cm.,Coastline.regional,-0.494932086
2014,recruits3mm,Coastline.regional,0.491152763
2014,s810mm,Coastline.regional,-0.315181492
2014,s1to3mmcombined,Coastline.regional,0.475906588
2014,Propss1to3mmcombined,Coastline.regional,0.547694329
2014,Proprecruits3mm,Coastline.regional,0.549187521
2014,Props57mm,Coastline.regional,-0.506377447
2014,Props810mm,Coastline.regional,-0.657622639
2014,Size.of.opening,Coastline.regional,-0.484157531
2014,Heading.N,Coastline.regional,-0.773365673
2014,Heading.S,Coastline.regional,-0.832666215
2014,Heading.minus.coast,Coastline.regional,0.609375792
2014,m.to.nearest.pt,Coastline.regional,0.364676848
2014,m.to.land.in.300dir,Coastline.regional,-0.451306707
2014,Difference.from.300.Northery.heading,Coastline.regional,-0.341208002
2014,Slope.average,Coastline.regional,-0.422506959
2014,Slope.min,Coastline.regional,-0.326583896
2014,Slope.Max,Coastline.regional,-0.497703213
2014,Coastline.angle,Coastline.regional,0.673809656