"","Var1","Var2","Freq"
"2","Males.All","Females.All",0.992220794457943
"3","No.Sex.All","Females.All",0.806212499152933
"6","X.10cm2..course.sand","Females.All",-0.453663433695197
"7","cemented.rock.1m2.10cm2","Females.All",-0.955107940569843
"10","rocky.bench","Females.All",0.88590518879427
"11","recruits3mm","Females.All",0.895942761569782
"12","s35mm","Females.All",0.578668401034532
"13","s57mm","Females.All",0.739567912573359
"14","s810mm","Females.All",0.916923390885631
"16","s1416mm","Females.All",-0.428326136443338
"17","s1720mm","Females.All",-0.55927455825414
"18","ALL","Females.All",0.879516673105845
"20","Proprecruits3mm","Females.All",0.576110710621602
"22","Props57mm","Females.All",0.41188194050166
"23","Props810mm","Females.All",-0.629146180254705
"24","Props1113mm","Females.All",-0.596034523098822
"25","Props1416mm","Females.All",-0.519098978191886
"26","Props1720mm","Females.All",-0.530015751464552
"29","NonliveableRocks","Females.All",0.40826483739907
"31","CobbleCourseSand","Females.All",-0.420760209112416
"34","Size.2","Females.All",-0.464167557819328
"36","Size.of.opening","Females.All",0.888871463984649
"37","Heading","Females.All",-0.531989222711782
"39","Heading.S","Females.All",-0.779065296827646
"40","Heading.minus.coast","Females.All",0.50350985011989
"45","Difference.from.300.Northery.heading","Females.All",-0.425430199207628
"46","Total.degrees.opening","Females.All",0.865869768920714
"47","Slope.average","Females.All",-0.691552478878088
"48","Slope.min","Females.All",-0.637742449717831
"49","Slope.Max","Females.All",-0.784667291673611
"50","Coastline.hab.angle","Females.All",0.46963806045926
"51","Females.All","Males.All",0.992220794457943
"53","No.Sex.All","Males.All",0.768381135315128
"56","X.10cm2..course.sand","Males.All",-0.492685751482195
"57","cemented.rock.1m2.10cm2","Males.All",-0.965230539244911
"58","bare.cobble...2cm.","Males.All",-0.453818167678984
"60","rocky.bench","Males.All",0.936118528582616
"61","recruits3mm","Males.All",0.838266106083892
"62","s35mm","Males.All",0.518613209653014
"63","s57mm","Males.All",0.795621185055595
"64","s810mm","Males.All",0.952557583829009
"66","s1416mm","Males.All",-0.462238951123055
"67","s1720mm","Males.All",-0.571945174151033
"68","ALL","Males.All",0.848882506471406
"70","Proprecruits3mm","Males.All",0.476133165809371
"72","Props57mm","Males.All",0.51291131131745
"73","Props810mm","Males.All",-0.594511034164748
"74","Props1113mm","Males.All",-0.643040701832227
"75","Props1416mm","Males.All",-0.515201910718555
"76","Props1720mm","Males.All",-0.507811990763531
"77","LiveableRocks","Males.All",-0.427520941546591
"79","NonliveableRocks","Males.All",0.512013601190417
"81","CobbleCourseSand","Males.All",-0.473820034748323
"82","OvigFemale","Males.All",-0.446603871214783
"83","Size.1","Males.All",-0.482081770792442
"84","Size.2","Males.All",-0.551737944273536
"86","Size.of.opening","Males.All",0.938991560331409
"87","Heading","Males.All",-0.447367095251748
"89","Heading.S","Males.All",-0.760899650737089
"90","Heading.minus.coast","Males.All",0.406250146766784
"91","m.to.nearest.pt","Males.All",0.420873522009359
"95","Difference.from.300.Northery.heading","Males.All",-0.53478291031746
"96","Total.degrees.opening","Males.All",0.913575357706117
"97","Slope.average","Males.All",-0.637619990981308
"98","Slope.min","Males.All",-0.59888502805059
"99","Slope.Max","Males.All",-0.710881808977978
"100","Coastline.hab.angle","Males.All",0.471473176568944
"101","Females.All","No.Sex.All",0.806212499152933
"102","Males.All","No.Sex.All",0.768381135315128
"107","cemented.rock.1m2.10cm2","No.Sex.All",-0.873558542863602
"110","rocky.bench","No.Sex.All",0.634811999835288
"111","recruits3mm","No.Sex.All",0.92027398948402
"112","s35mm","No.Sex.All",0.944573201311464
"113","s57mm","No.Sex.All",0.713333132223354
"114","s810mm","No.Sex.All",0.760692878604086
"116","s1416mm","No.Sex.All",-0.725274518454783
"117","s1720mm","No.Sex.All",-0.853303556783845
"118","ALL","No.Sex.All",0.990490399405965
"119","s1to3mmcombined","No.Sex.All",0.785482952833146
"120","Proprecruits3mm","No.Sex.All",0.809812622795043
"121","Props35mm","No.Sex.All",0.723335024639702
"123","Props810mm","No.Sex.All",-0.963183279304932
"124","Props1113mm","No.Sex.All",-0.742875283118562
"125","Props1416mm","No.Sex.All",-0.875111829541985
"126","Props1720mm","No.Sex.All",-0.910726252070368
"134","Size.2","No.Sex.All",-0.45479294314534
"136","Size.of.opening","No.Sex.All",0.59878312278667
"137","Heading","No.Sex.All",-0.88510351513452
"138","Heading.N","No.Sex.All",-0.676516737333076
"139","Heading.S","No.Sex.All",-0.983825610502573
"140","Heading.minus.coast","No.Sex.All",0.825492809766006
"142","m.to.land.in.300dir","No.Sex.All",-0.80440173757485
"143","percentage.of.MWD.within.range.2014","No.Sex.All",-0.400107039950334
"144","percent.in.range.2013","No.Sex.All",-0.40010703717474
"146","Total.degrees.opening","No.Sex.All",0.717084820747785
"147","Slope.average","No.Sex.All",-0.981414595991517
"148","Slope.min","No.Sex.All",-0.968342228620799
"149","Slope.Max","No.Sex.All",-0.929660384298169
"150","Coastline.hab.angle","No.Sex.All",0.838803129560895
"155","X50cm2.10cm2","Ovigerous",0.639523802343748
"156","X.10cm2..course.sand","Ovigerous",0.652546151290622
"158","bare.cobble...2cm.","Ovigerous",0.797310363858165
"159","bare.sand..fine.very.course.sand.","Ovigerous",0.975582712283583
"160","rocky.bench","Ovigerous",-0.628904251880817
"162","s35mm","Ovigerous",0.454712984400364
"163","s57mm","Ovigerous",-0.523812737406737
"164","s810mm","Ovigerous",-0.493396100817397
"165","s1113mm","Ovigerous",0.78829938303695
"170","Proprecruits3mm","Ovigerous",0.646061150773232
"172","Props57mm","Ovigerous",-0.78475722170393
"177","LiveableRocks","Ovigerous",0.98436546620349
"178","IdealLiveableRocks","Ovigerous",0.639523802343748
"179","NonliveableRocks","Ovigerous",-0.98399107404177
"180","Sand","Ovigerous",0.975582712283583
"181","CobbleCourseSand","Ovigerous",0.737440844072772
"182","OvigFemale","Ovigerous",0.993283976761079
"183","Size.1","Ovigerous",0.805293577944913
"184","Size.2","Ovigerous",0.66297219388481
"185","Surfzone.size..m.","Ovigerous",-0.511971286310167
"186","Size.of.opening","Ovigerous",-0.648536714359737
"187","Heading","Ovigerous",-0.616085399567393
"188","Heading.N","Ovigerous",-0.803384341535956
"190","Heading.minus.coast","Ovigerous",0.687636239930593
"191","m.to.nearest.pt","Ovigerous",-0.996421363337596
"192","m.to.land.in.300dir","Ovigerous",-0.434402636522252
"193","percentage.of.MWD.within.range.2014","Ovigerous",-0.936731489272692
"194","percent.in.range.2013","Ovigerous",-0.936731490718284
"195","Difference.from.300.Northery.heading","Ovigerous",0.948728081189196
"196","Total.degrees.opening","Ovigerous",-0.557178276445479
"204","Ovigerous","X50cm2.10cm2",0.639523802343748
"209","bare.sand..fine.very.course.sand.","X50cm2.10cm2",0.629011733533564
"213","s57mm","X50cm2.10cm2",-0.599360995303502
"215","s1113mm","X50cm2.10cm2",0.952877519519551
"216","s1416mm","X50cm2.10cm2",0.658158251606293
"217","s1720mm","X50cm2.10cm2",0.490943014158049
"220","Proprecruits3mm","X50cm2.10cm2",0.557639736659334
"221","Props35mm","X50cm2.10cm2",-0.417667834935893
"222","Props57mm","X50cm2.10cm2",-0.868308405293632
"224","Props1113mm","X50cm2.10cm2",0.659705140151917
"227","LiveableRocks","X50cm2.10cm2",0.495720881928219
"229","NonliveableRocks","X50cm2.10cm2",-0.545491434520279
"230","Sand","X50cm2.10cm2",0.629011733533564
"232","OvigFemale","X50cm2.10cm2",0.666529386866696
"233","Size.1","X50cm2.10cm2",0.881085229287481
"234","Size.2","X50cm2.10cm2",0.845186439876956
"235","Surfzone.size..m.","X50cm2.10cm2",-0.951963976049157
"240","Heading.minus.coast","X50cm2.10cm2",0.462057521288478
"241","m.to.nearest.pt","X50cm2.10cm2",-0.664548175351454
"245","Difference.from.300.Northery.heading","X50cm2.10cm2",0.739997131449942
"246","Total.degrees.opening","X50cm2.10cm2",-0.430792776903988
"250","Coastline.hab.angle","X50cm2.10cm2",-0.451392448675529
"251","Females.All","X.10cm2..course.sand",-0.453663433695197
"252","Males.All","X.10cm2..course.sand",-0.492685751482195
"254","Ovigerous","X.10cm2..course.sand",0.652546151290622
"258","bare.cobble...2cm.","X.10cm2..course.sand",0.97638030328812
"259","bare.sand..fine.very.course.sand.","X.10cm2..course.sand",0.617786866544004
"260","rocky.bench","X.10cm2..course.sand",-0.501923209436153
"262","s35mm","X.10cm2..course.sand",0.451839189051731
"266","s1416mm","X.10cm2..course.sand",-0.405178331155091
"269","s1to3mmcombined","X.10cm2..course.sand",0.648353654811893
"271","Props35mm","X.10cm2..course.sand",0.717134492272814
"273","Props810mm","X.10cm2..course.sand",-0.404993018317462
"275","Props1416mm","X.10cm2..course.sand",-0.467561030648623
"276","Props1720mm","X.10cm2..course.sand",-0.496790861935826
"277","LiveableRocks","X.10cm2..course.sand",0.77547591520222
"279","NonliveableRocks","X.10cm2..course.sand",-0.733279028865914
"280","Sand","X.10cm2..course.sand",0.617786866544004
"281","CobbleCourseSand","X.10cm2..course.sand",0.992655285132973
"282","OvigFemale","X.10cm2..course.sand",0.624232694665389
"286","Size.of.opening","X.10cm2..course.sand",-0.562448928744397
"287","Heading","X.10cm2..course.sand",-0.429682672221821
"288","Heading.N","X.10cm2..course.sand",-0.73580257699401
"291","m.to.nearest.pt","X.10cm2..course.sand",-0.628208226091976
"292","m.to.land.in.300dir","X.10cm2..course.sand",-0.706541097804046
"293","percentage.of.MWD.within.range.2014","X.10cm2..course.sand",-0.817160889095775
"294","percent.in.range.2013","X.10cm2..course.sand",-0.817160888069128
"295","Difference.from.300.Northery.heading","X.10cm2..course.sand",0.504821494099977
"300","Coastline.hab.angle","X.10cm2..course.sand",0.497575450993559
"301","Females.All","cemented.rock.1m2.10cm2",-0.955107940569843
"302","Males.All","cemented.rock.1m2.10cm2",-0.965230539244911
"303","No.Sex.All","cemented.rock.1m2.10cm2",-0.873558542863602
"310","rocky.bench","cemented.rock.1m2.10cm2",-0.928783051233103
"311","recruits3mm","cemented.rock.1m2.10cm2",-0.844448768067715
"312","s35mm","cemented.rock.1m2.10cm2",-0.667639186183031
"313","s57mm","cemented.rock.1m2.10cm2",-0.894784919754325
"314","s810mm","cemented.rock.1m2.10cm2",-0.977106547334351
"315","s1113mm","cemented.rock.1m2.10cm2",0.41217021648162
"316","s1416mm","cemented.rock.1m2.10cm2",0.673445639815776
"317","s1720mm","cemented.rock.1m2.10cm2",0.76648330690978
"318","ALL","cemented.rock.1m2.10cm2",-0.926637821465421
"319","s1to3mmcombined","cemented.rock.1m2.10cm2",-0.55056360971015
"320","Proprecruits3mm","cemented.rock.1m2.10cm2",-0.515632807962096
"321","Props35mm","cemented.rock.1m2.10cm2",-0.464496019924752
"322","Props57mm","cemented.rock.1m2.10cm2",-0.605141025012995
"323","Props810mm","cemented.rock.1m2.10cm2",0.759941890492877
"324","Props1113mm","cemented.rock.1m2.10cm2",0.806898711703028
"325","Props1416mm","cemented.rock.1m2.10cm2",0.718655618183402
"326","Props1720mm","cemented.rock.1m2.10cm2",0.703427543441202
"329","NonliveableRocks","cemented.rock.1m2.10cm2",-0.430470276779193
"333","Size.1","cemented.rock.1m2.10cm2",0.570276002118569
"334","Size.2","cemented.rock.1m2.10cm2",0.676378432095727
"335","Surfzone.size..m.","cemented.rock.1m2.10cm2",-0.406582836007511
"336","Size.of.opening","cemented.rock.1m2.10cm2",-0.912740174559149
"337","Heading","cemented.rock.1m2.10cm2",0.559431797587638
"339","Heading.S","cemented.rock.1m2.10cm2",0.891758089298759
"340","Heading.minus.coast","cemented.rock.1m2.10cm2",-0.487039183466223
"342","m.to.land.in.300dir","cemented.rock.1m2.10cm2",0.488225215088421
"345","Difference.from.300.Northery.heading","cemented.rock.1m2.10cm2",0.533141999300282
"346","Total.degrees.opening","cemented.rock.1m2.10cm2",-0.951961190529592
"347","Slope.average","cemented.rock.1m2.10cm2",0.763931350153807
"348","Slope.min","cemented.rock.1m2.10cm2",0.758457928700866
"349","Slope.Max","cemented.rock.1m2.10cm2",0.750397800753236
"350","Coastline.hab.angle","cemented.rock.1m2.10cm2",-0.684517972854343
"352","Males.All","bare.cobble...2cm.",-0.453818167678984
"354","Ovigerous","bare.cobble...2cm.",0.797310363858165
"356","X.10cm2..course.sand","bare.cobble...2cm.",0.97638030328812
"359","bare.sand..fine.very.course.sand.","bare.cobble...2cm.",0.7726415349831
"360","rocky.bench","bare.cobble...2cm.",-0.539813536455677
"362","s35mm","bare.cobble...2cm.",0.524505791066276
"369","s1to3mmcombined","bare.cobble...2cm.",0.6119658258127
"371","Props35mm","bare.cobble...2cm.",0.673328958407583
"373","Props810mm","bare.cobble...2cm.",-0.436379590149791
"375","Props1416mm","bare.cobble...2cm.",-0.436812490885191
"376","Props1720mm","bare.cobble...2cm.",-0.496580197249284
"377","LiveableRocks","bare.cobble...2cm.",0.890038607495082
"379","NonliveableRocks","bare.cobble...2cm.",-0.851098245252829
"380","Sand","bare.cobble...2cm.",0.7726415349831
"381","CobbleCourseSand","bare.cobble...2cm.",0.995347286302719
"382","OvigFemale","bare.cobble...2cm.",0.767971281267196
"386","Size.of.opening","bare.cobble...2cm.",-0.594681330784523
"387","Heading","bare.cobble...2cm.",-0.548349358802656
"388","Heading.N","bare.cobble...2cm.",-0.832103180506537
"390","Heading.minus.coast","bare.cobble...2cm.",0.526807828472711
"391","m.to.nearest.pt","bare.cobble...2cm.",-0.773431443680402
"392","m.to.land.in.300dir","bare.cobble...2cm.",-0.714009471759135
"393","percentage.of.MWD.within.range.2014","bare.cobble...2cm.",-0.920284457760584
"394","percent.in.range.2013","bare.cobble...2cm.",-0.920284457217159
"395","Difference.from.300.Northery.heading","bare.cobble...2cm.",0.653246767714374
"398","Slope.min","bare.cobble...2cm.",-0.436581437094828
"400","Coastline.hab.angle","bare.cobble...2cm.",0.453337002653892
"404","Ovigerous","bare.sand..fine.very.course.sand.",0.975582712283583
"405","X50cm2.10cm2","bare.sand..fine.very.course.sand.",0.629011733533564
"406","X.10cm2..course.sand","bare.sand..fine.very.course.sand.",0.617786866544004
"408","bare.cobble...2cm.","bare.sand..fine.very.course.sand.",0.7726415349831
"410","rocky.bench","bare.sand..fine.very.course.sand.",-0.442942964304061
"411","recruits3mm","bare.sand..fine.very.course.sand.",0.407479781053029
"412","s35mm","bare.sand..fine.very.course.sand.",0.627678134412941
"415","s1113mm","bare.sand..fine.very.course.sand.",0.730208129080376
"420","Proprecruits3mm","bare.sand..fine.very.course.sand.",0.793941375645808
"422","Props57mm","bare.sand..fine.very.course.sand.",-0.681785850528435
"423","Props810mm","bare.sand..fine.very.course.sand.",-0.450034098333462
"427","LiveableRocks","bare.sand..fine.very.course.sand.",0.953237423370428
"428","IdealLiveableRocks","bare.sand..fine.very.course.sand.",0.629011733533564
"429","NonliveableRocks","bare.sand..fine.very.course.sand.",-0.928287045323792
"431","CobbleCourseSand","bare.sand..fine.very.course.sand.",0.708127069658646
"432","OvigFemale","bare.sand..fine.very.course.sand.",0.945525308255739
"433","Size.1","bare.sand..fine.very.course.sand.",0.711254271387798
"434","Size.2","bare.sand..fine.very.course.sand.",0.538419600288898
"435","Surfzone.size..m.","bare.sand..fine.very.course.sand.",-0.44359091002073
"436","Size.of.opening","bare.sand..fine.very.course.sand.",-0.466941595595351
"437","Heading","bare.sand..fine.very.course.sand.",-0.771840239964826
"438","Heading.N","bare.sand..fine.very.course.sand.",-0.891606160410389
"440","Heading.minus.coast","bare.sand..fine.very.course.sand.",0.830303731973259
"441","m.to.nearest.pt","bare.sand..fine.very.course.sand.",-0.955490158241924
"442","m.to.land.in.300dir","bare.sand..fine.very.course.sand.",-0.564163562876298
"443","percentage.of.MWD.within.range.2014","bare.sand..fine.very.course.sand.",-0.955265149894855
"444","percent.in.range.2013","bare.sand..fine.very.course.sand.",-0.955265150729238
"445","Difference.from.300.Northery.heading","bare.sand..fine.very.course.sand.",0.868686179055733
"447","Slope.average","bare.sand..fine.very.course.sand.",-0.54508023763569
"448","Slope.min","bare.sand..fine.very.course.sand.",-0.474598734890355
"449","Slope.Max","bare.sand..fine.very.course.sand.",-0.580922196165727
"451","Females.All","rocky.bench",0.88590518879427
"452","Males.All","rocky.bench",0.936118528582616
"453","No.Sex.All","rocky.bench",0.634811999835288
"454","Ovigerous","rocky.bench",-0.628904251880817
"456","X.10cm2..course.sand","rocky.bench",-0.501923209436153
"457","cemented.rock.1m2.10cm2","rocky.bench",-0.928783051233103
"458","bare.cobble...2cm.","rocky.bench",-0.539813536455677
"459","bare.sand..fine.very.course.sand.","rocky.bench",-0.442942964304061
"461","recruits3mm","rocky.bench",0.619099715701409
"463","s57mm","rocky.bench",0.91427330084935
"464","s810mm","rocky.bench",0.983897263521272
"465","s1113mm","rocky.bench",-0.613609951190131
"466","s1416mm","rocky.bench",-0.57550537628354
"467","s1720mm","rocky.bench",-0.61457949952004
"468","ALL","rocky.bench",0.721561402792618
"472","Props57mm","rocky.bench",0.773760775634271
"473","Props810mm","rocky.bench",-0.498796943347013
"474","Props1113mm","rocky.bench",-0.765739200234322
"475","Props1416mm","rocky.bench",-0.519347259358691
"476","Props1720mm","rocky.bench",-0.460548680167907
"477","LiveableRocks","rocky.bench",-0.649894478632102
"479","NonliveableRocks","rocky.bench",0.734340352617316
"480","Sand","rocky.bench",-0.442942964304061
"481","CobbleCourseSand","rocky.bench",-0.526090614463307
"482","OvigFemale","rocky.bench",-0.706354923334793
"483","Size.1","rocky.bench",-0.753371024010628
"484","Size.2","rocky.bench",-0.781539177324799
"485","Surfzone.size..m.","rocky.bench",0.49241819602783
"486","Size.of.opening","rocky.bench",0.99739333884319
"489","Heading.S","rocky.bench",-0.688295085964559
"491","m.to.nearest.pt","rocky.bench",0.684113836213024
"493","percentage.of.MWD.within.range.2014","rocky.bench",0.452448229084619
"494","percent.in.range.2013","rocky.bench",0.45244823193398
"495","Difference.from.300.Northery.heading","rocky.bench",-0.791807713203488
"496","Total.degrees.opening","rocky.bench",0.984436251387566
"497","Slope.average","rocky.bench",-0.475684420334384
"498","Slope.min","rocky.bench",-0.489780577351341
"499","Slope.Max","rocky.bench",-0.466301265051926
"500","Coastline.hab.angle","rocky.bench",0.497098564328544
"501","Females.All","recruits3mm",0.895942761569782
"502","Males.All","recruits3mm",0.838266106083892
"503","No.Sex.All","recruits3mm",0.92027398948402
"507","cemented.rock.1m2.10cm2","recruits3mm",-0.844448768067715
"509","bare.sand..fine.very.course.sand.","recruits3mm",0.407479781053029
"510","rocky.bench","recruits3mm",0.619099715701409
"512","s35mm","recruits3mm",0.821145251312694
"513","s57mm","recruits3mm",0.540897304490375
"514","s810mm","recruits3mm",0.71755421299923
"516","s1416mm","recruits3mm",-0.412940889432499
"517","s1720mm","recruits3mm",-0.59022613564954
"518","ALL","recruits3mm",0.943042176527519
"519","s1to3mmcombined","recruits3mm",0.488382610978154
"520","Proprecruits3mm","recruits3mm",0.878610398763875
"521","Props35mm","recruits3mm",0.408111616039495
"523","Props810mm","recruits3mm",-0.792015145353619
"524","Props1113mm","recruits3mm",-0.486832331351116
"525","Props1416mm","recruits3mm",-0.616030123677671
"526","Props1720mm","recruits3mm",-0.682018919709415
"530","Sand","recruits3mm",0.407479781053029
"536","Size.of.opening","recruits3mm",0.609207582186086
"537","Heading","recruits3mm",-0.836831209642626
"538","Heading.N","recruits3mm",-0.553550092594296
"539","Heading.S","recruits3mm",-0.847320545311759
"540","Heading.minus.coast","recruits3mm",0.832565432844364
"542","m.to.land.in.300dir","recruits3mm",-0.55123483938991
"546","Total.degrees.opening","recruits3mm",0.640683519707877
"547","Slope.average","recruits3mm",-0.886151244474179
"548","Slope.min","recruits3mm",-0.809921573274868
"549","Slope.Max","recruits3mm",-0.977226478093182
"550","Coastline.hab.angle","recruits3mm",0.559010732990842
"551","Females.All","s35mm",0.578668401034532
"552","Males.All","s35mm",0.518613209653014
"553","No.Sex.All","s35mm",0.944573201311464
"554","Ovigerous","s35mm",0.454712984400364
"556","X.10cm2..course.sand","s35mm",0.451839189051731
"557","cemented.rock.1m2.10cm2","s35mm",-0.667639186183031
"558","bare.cobble...2cm.","s35mm",0.524505791066276
"559","bare.sand..fine.very.course.sand.","s35mm",0.627678134412941
"561","recruits3mm","s35mm",0.821145251312694
"563","s57mm","s35mm",0.516661932123737
"564","s810mm","s35mm",0.515910669843417
"566","s1416mm","s35mm",-0.69641644288888
"567","s1720mm","s35mm",-0.820771518278869
"568","ALL","s35mm",0.891733628234181
"569","s1to3mmcombined","s35mm",0.862703678725566
"570","Proprecruits3mm","s35mm",0.868366643301315
"571","Props35mm","s35mm",0.827683089354011
"573","Props810mm","s35mm",-0.975604178256143
"574","Props1113mm","s35mm",-0.629107017741823
"575","Props1416mm","s35mm",-0.883347251322188
"576","Props1720mm","s35mm",-0.941837162967821
"577","LiveableRocks","s35mm",0.47273619682869
"580","Sand","s35mm",0.627678134412941
"581","CobbleCourseSand","s35mm",0.495184234120233
"587","Heading","s35mm",-0.969635703326773
"588","Heading.N","s35mm",-0.878353989213017
"589","Heading.S","s35mm",-0.917013654599584
"590","Heading.minus.coast","s35mm",0.919006574810969
"592","m.to.land.in.300dir","s35mm",-0.924470843769877
"593","percentage.of.MWD.within.range.2014","s35mm",-0.672851214657954
"594","percent.in.range.2013","s35mm",-0.672851212238979
"596","Total.degrees.opening","s35mm",0.471753077990279
"597","Slope.average","s35mm",-0.989260216370826
"598","Slope.min","s35mm",-0.982405582765347
"599","Slope.Max","s35mm",-0.900008603969946
"600","Coastline.hab.angle","s35mm",0.854019069068862
"601","Females.All","s57mm",0.739567912573359
"602","Males.All","s57mm",0.795621185055595
"603","No.Sex.All","s57mm",0.713333132223354
"604","Ovigerous","s57mm",-0.523812737406737
"605","X50cm2.10cm2","s57mm",-0.599360995303502
"607","cemented.rock.1m2.10cm2","s57mm",-0.894784919754325
"610","rocky.bench","s57mm",0.91427330084935
"611","recruits3mm","s57mm",0.540897304490375
"612","s35mm","s57mm",0.516661932123737
"614","s810mm","s57mm",0.94097186544374
"615","s1113mm","s57mm",-0.765300304737426
"616","s1416mm","s57mm",-0.852827086251192
"617","s1720mm","s57mm",-0.853098926137982
"618","ALL","s57mm",0.753641140975802
"619","s1to3mmcombined","s57mm",0.639055614881577
"621","Props35mm","s57mm",0.577841843785213
"622","Props57mm","s57mm",0.883736369152525
"623","Props810mm","s57mm",-0.682849300336241
"624","Props1113mm","s57mm",-0.959217037654982
"625","Props1416mm","s57mm",-0.772921048787606
"626","Props1720mm","s57mm",-0.699573913050366
"627","LiveableRocks","s57mm",-0.476846463759494
"628","IdealLiveableRocks","s57mm",-0.599360995303502
"629","NonliveableRocks","s57mm",0.58783055751566
"632","OvigFemale","s57mm",-0.618699296267334
"633","Size.1","s57mm",-0.860834331059034
"634","Size.2","s57mm",-0.93328821533655
"635","Surfzone.size..m.","s57mm",0.765064846502721
"636","Size.of.opening","s57mm",0.883401025028326
"639","Heading.S","s57mm",-0.809380141062357
"641","m.to.nearest.pt","s57mm",0.593927393692243
"642","m.to.land.in.300dir","s57mm",-0.496774305538229
"645","Difference.from.300.Northery.heading","s57mm",-0.762562689621384
"646","Total.degrees.opening","s57mm",0.967902394612185
"647","Slope.average","s57mm",-0.59413533016975
"648","Slope.min","s57mm",-0.663934399210239
"649","Slope.Max","s57mm",-0.445770688615543
"650","Coastline.hab.angle","s57mm",0.769958157519222
"651","Females.All","s810mm",0.916923390885631
"652","Males.All","s810mm",0.952557583829009
"653","No.Sex.All","s810mm",0.760692878604086
"654","Ovigerous","s810mm",-0.493396100817397
"657","cemented.rock.1m2.10cm2","s810mm",-0.977106547334351
"660","rocky.bench","s810mm",0.983897263521272
"661","recruits3mm","s810mm",0.71755421299923
"662","s35mm","s810mm",0.515910669843417
"663","s57mm","s810mm",0.94097186544374
"665","s1113mm","s810mm",-0.566222534767992
"666","s1416mm","s810mm",-0.668662944622738
"667","s1720mm","s810mm",-0.725811505177585
"668","ALL","s810mm",0.829288366458805
"669","s1to3mmcombined","s810mm",0.470587203989522
"672","Props57mm","s810mm",0.738322556604051
"673","Props810mm","s810mm",-0.645004164298669
"674","Props1113mm","s810mm",-0.828633032732677
"675","Props1416mm","s810mm",-0.649922219705269
"676","Props1720mm","s810mm",-0.605738195012418
"677","LiveableRocks","s810mm",-0.506802868694548
"679","NonliveableRocks","s810mm",0.606621918103338
"682","OvigFemale","s810mm",-0.584833109620181
"683","Size.1","s810mm",-0.711064846581235
"684","Size.2","s810mm",-0.778366056476533
"685","Surfzone.size..m.","s810mm",0.506540960721869
"686","Size.of.opening","s810mm",0.971774631902727
"689","Heading.S","s810mm",-0.806705534810005
"691","m.to.nearest.pt","s810mm",0.558822077242352
"695","Difference.from.300.Northery.heading","s810mm",-0.700368746256176
"696","Total.degrees.opening","s810mm",0.993504053209461
"697","Slope.average","s810mm",-0.62357515929646
"698","Slope.min","s810mm",-0.637531919865531
"699","Slope.Max","s810mm",-0.593194677084981
"700","Coastline.hab.angle","s810mm",0.624818389800789
"704","Ovigerous","s1113mm",0.78829938303695
"705","X50cm2.10cm2","s1113mm",0.952877519519551
"707","cemented.rock.1m2.10cm2","s1113mm",0.41217021648162
"709","bare.sand..fine.very.course.sand.","s1113mm",0.730208129080376
"710","rocky.bench","s1113mm",-0.613609951190131
"713","s57mm","s1113mm",-0.765300304737426
"714","s810mm","s1113mm",-0.566222534767992
"716","s1416mm","s1113mm",0.677006718117536
"717","s1720mm","s1113mm",0.542243337400265
"720","Proprecruits3mm","s1113mm",0.475027934256901
"722","Props57mm","s1113mm",-0.973943239237917
"724","Props1113mm","s1113mm",0.751744695927027
"725","Props1416mm","s1113mm",0.425782039132491
"727","LiveableRocks","s1113mm",0.679642320172397
"728","IdealLiveableRocks","s1113mm",0.952877519519551
"729","NonliveableRocks","s1113mm",-0.739493044150827
"730","Sand","s1113mm",0.730208129080376
"732","OvigFemale","s1113mm",0.827845115361575
"733","Size.1","s1113mm",0.981496917083039
"734","Size.2","s1113mm",0.941704056255733
"735","Surfzone.size..m.","s1113mm",-0.932101820276148
"736","Size.of.opening","s1113mm",-0.586355173552803
"740","Heading.minus.coast","s1113mm",0.417825546729005
"741","m.to.nearest.pt","s1113mm",-0.821140494064889
"743","percentage.of.MWD.within.range.2014","s1113mm",-0.531264208331699
"744","percent.in.range.2013","s1113mm",-0.531264211652938
"745","Difference.from.300.Northery.heading","s1113mm",0.900499238859513
"746","Total.degrees.opening","s1113mm",-0.656242666903171
"750","Coastline.hab.angle","s1113mm",-0.465262187007124
"751","Females.All","s1416mm",-0.428326136443338
"752","Males.All","s1416mm",-0.462238951123055
"753","No.Sex.All","s1416mm",-0.725274518454783
"755","X50cm2.10cm2","s1416mm",0.658158251606293
"756","X.10cm2..course.sand","s1416mm",-0.405178331155091
"757","cemented.rock.1m2.10cm2","s1416mm",0.673445639815776
"760","rocky.bench","s1416mm",-0.57550537628354
"761","recruits3mm","s1416mm",-0.412940889432499
"762","s35mm","s1416mm",-0.69641644288888
"763","s57mm","s1416mm",-0.852827086251192
"764","s810mm","s1416mm",-0.668662944622738
"765","s1113mm","s1416mm",0.677006718117536
"767","s1720mm","s1416mm",0.977617626697119
"768","ALL","s1416mm",-0.691134378806829
"769","s1to3mmcombined","s1416mm",-0.924623214605031
"771","Props35mm","s1416mm",-0.905740786781478
"772","Props57mm","s1416mm",-0.73353556962146
"773","Props810mm","s1416mm",0.828687020906733
"774","Props1113mm","s1416mm",0.965609910751406
"775","Props1416mm","s1416mm",0.951462727105309
"776","Props1720mm","s1416mm",0.895929136662989
"778","IdealLiveableRocks","s1416mm",0.658158251606293
"783","Size.1","s1416mm",0.70763198395803
"784","Size.2","s1416mm",0.842639703630377
"785","Surfzone.size..m.","s1416mm",-0.856766256335273
"786","Size.of.opening","s1416mm",-0.515096229449197
"787","Heading","s1416mm",0.500702331441373
"788","Heading.N","s1416mm",0.444155413750463
"789","Heading.S","s1416mm",0.832703037662875
"792","m.to.land.in.300dir","s1416mm",0.819690927676025
"795","Difference.from.300.Northery.heading","s1416mm",0.450394476834444
"796","Total.degrees.opening","s1416mm",-0.708866386718964
"797","Slope.average","s1416mm",0.697931791530179
"798","Slope.min","s1416mm",0.806059573131506
"799","Slope.Max","s1416mm",0.427417694748749
"800","Coastline.hab.angle","s1416mm",-0.966187810282451
"801","Females.All","s1720mm",-0.55927455825414
"802","Males.All","s1720mm",-0.571945174151033
"803","No.Sex.All","s1720mm",-0.853303556783845
"805","X50cm2.10cm2","s1720mm",0.490943014158049
"807","cemented.rock.1m2.10cm2","s1720mm",0.76648330690978
"810","rocky.bench","s1720mm",-0.61457949952004
"811","recruits3mm","s1720mm",-0.59022613564954
"812","s35mm","s1720mm",-0.820771518278869
"813","s57mm","s1720mm",-0.853098926137982
"814","s810mm","s1720mm",-0.725811505177585
"815","s1113mm","s1720mm",0.542243337400265
"816","s1416mm","s1720mm",0.977617626697119
"818","ALL","s1720mm",-0.822086084238516
"819","s1to3mmcombined","s1720mm",-0.945345741010646
"820","Proprecruits3mm","s1720mm",-0.448095769003874
"821","Props35mm","s1720mm",-0.913463784260362
"822","Props57mm","s1720mm",-0.638857192400115
"823","Props810mm","s1720mm",0.923971176592557
"824","Props1113mm","s1720mm",0.952186142822035
"825","Props1416mm","s1720mm",0.989312424376947
"826","Props1720mm","s1720mm",0.959660878062524
"828","IdealLiveableRocks","s1720mm",0.490943014158049
"833","Size.1","s1720mm",0.60520162221603
"834","Size.2","s1720mm",0.766989117726739
"835","Surfzone.size..m.","s1720mm",-0.734104968135977
"836","Size.of.opening","s1720mm",-0.557177479291855
"837","Heading","s1720mm",0.656234469657644
"838","Heading.N","s1720mm",0.555897102378986
"839","Heading.S","s1720mm",0.928820062091836
"840","Heading.minus.coast","s1720mm",-0.530072836174508
"842","m.to.land.in.300dir","s1720mm",0.87437043574001
"846","Total.degrees.opening","s1720mm",-0.742698108400731
"847","Slope.average","s1720mm",0.830548741777009
"848","Slope.min","s1720mm",0.908562490806794
"849","Slope.Max","s1720mm",0.60805302453571
"850","Coastline.hab.angle","s1720mm",-0.989635343088304
"851","Females.All","ALL",0.879516673105845
"852","Males.All","ALL",0.848882506471406
"853","No.Sex.All","ALL",0.990490399405965
"857","cemented.rock.1m2.10cm2","ALL",-0.926637821465421
"860","rocky.bench","ALL",0.721561402792618
"861","recruits3mm","ALL",0.943042176527519
"862","s35mm","ALL",0.891733628234181
"863","s57mm","ALL",0.753641140975802
"864","s810mm","ALL",0.829288366458805
"866","s1416mm","ALL",-0.691134378806829
"867","s1720mm","ALL",-0.822086084238516
"869","s1to3mmcombined","ALL",0.712496803269448
"870","Proprecruits3mm","ALL",0.776308340727755
"871","Props35mm","ALL",0.640168916410364
"873","Props810mm","ALL",-0.921350366574316
"874","Props1113mm","ALL",-0.744555584378105
"875","Props1416mm","ALL",-0.828826781915312
"876","Props1720mm","ALL",-0.858010432471656
"884","Size.2","ALL",-0.485329172452885
"886","Size.of.opening","ALL",0.692839058703081
"887","Heading","ALL",-0.829760327486386
"888","Heading.N","ALL",-0.576127593121769
"889","Heading.S","ALL",-0.973702318677189
"890","Heading.minus.coast","ALL",0.773225601466911
"892","m.to.land.in.300dir","ALL",-0.71927368962117
"896","Total.degrees.opening","ALL",0.783849241338189
"897","Slope.average","ALL",-0.947731883498989
"898","Slope.min","ALL",-0.926947352367803
"899","Slope.Max","ALL",-0.923842412565408
"900","Coastline.hab.angle","ALL",0.788901714746195
"903","No.Sex.All","s1to3mmcombined",0.785482952833146
"906","X.10cm2..course.sand","s1to3mmcombined",0.648353654811893
"907","cemented.rock.1m2.10cm2","s1to3mmcombined",-0.55056360971015
"908","bare.cobble...2cm.","s1to3mmcombined",0.6119658258127
"911","recruits3mm","s1to3mmcombined",0.488382610978154
"912","s35mm","s1to3mmcombined",0.862703678725566
"913","s57mm","s1to3mmcombined",0.639055614881577
"914","s810mm","s1to3mmcombined",0.470587203989522
"916","s1416mm","s1to3mmcombined",-0.924623214605031
"917","s1720mm","s1to3mmcombined",-0.945345741010646
"918","ALL","s1to3mmcombined",0.712496803269448
"920","Proprecruits3mm","s1to3mmcombined",0.505664561574971
"921","Props35mm","s1to3mmcombined",0.994872920614061
"922","Props57mm","s1to3mmcombined",0.419543843045233
"923","Props810mm","s1to3mmcombined",-0.9194651758396
"924","Props1113mm","s1to3mmcombined",-0.816668215357438
"925","Props1416mm","s1to3mmcombined",-0.975926862884101
"926","Props1720mm","s1to3mmcombined",-0.970954388873674
"931","CobbleCourseSand","s1to3mmcombined",0.631791836891585
"934","Size.2","s1to3mmcombined",-0.574060741024718
"935","Surfzone.size..m.","s1to3mmcombined",0.644827519257411
"937","Heading","s1to3mmcombined",-0.732494750302985
"938","Heading.N","s1to3mmcombined",-0.747648195070172
"939","Heading.S","s1to3mmcombined",-0.84620727593409
"940","Heading.minus.coast","s1to3mmcombined",0.619145359713292
"942","m.to.land.in.300dir","s1to3mmcombined",-0.974810939108219
"943","percentage.of.MWD.within.range.2014","s1to3mmcombined",-0.554390009383425
"944","percent.in.range.2013","s1to3mmcombined",-0.554390005906271
"946","Total.degrees.opening","s1to3mmcombined",0.485231266012016
"947","Slope.average","s1to3mmcombined",-0.825844361589713
"948","Slope.min","s1to3mmcombined",-0.906443782875613
"949","Slope.Max","s1to3mmcombined",-0.574399471903531
"950","Coastline.hab.angle","s1to3mmcombined",0.982315297967703
"951","Females.All","Proprecruits3mm",0.576110710621602
"952","Males.All","Proprecruits3mm",0.476133165809371
"953","No.Sex.All","Proprecruits3mm",0.809812622795043
"954","Ovigerous","Proprecruits3mm",0.646061150773232
"955","X50cm2.10cm2","Proprecruits3mm",0.557639736659334
"957","cemented.rock.1m2.10cm2","Proprecruits3mm",-0.515632807962096
"959","bare.sand..fine.very.course.sand.","Proprecruits3mm",0.793941375645808
"961","recruits3mm","Proprecruits3mm",0.878610398763875
"962","s35mm","Proprecruits3mm",0.868366643301315
"965","s1113mm","Proprecruits3mm",0.475027934256901
"967","s1720mm","Proprecruits3mm",-0.448095769003874
"968","ALL","Proprecruits3mm",0.776308340727755
"969","s1to3mmcombined","Proprecruits3mm",0.505664561574971
"971","Props35mm","Proprecruits3mm",0.461006663447587
"973","Props810mm","Proprecruits3mm",-0.754485973895626
"975","Props1416mm","Proprecruits3mm",-0.5394306958656
"976","Props1720mm","Proprecruits3mm",-0.6525650499554
"977","LiveableRocks","Proprecruits3mm",0.583245542676538
"978","IdealLiveableRocks","Proprecruits3mm",0.557639736659334
"979","NonliveableRocks","Proprecruits3mm",-0.510924733450004
"980","Sand","Proprecruits3mm",0.793941375645808
"982","OvigFemale","Proprecruits3mm",0.569252937624951
"987","Heading","Proprecruits3mm",-0.956754985104541
"988","Heading.N","Proprecruits3mm",-0.829143910733008
"989","Heading.S","Proprecruits3mm",-0.69823049760109
"990","Heading.minus.coast","Proprecruits3mm",0.986406060509981
"991","m.to.nearest.pt","Proprecruits3mm",-0.593686875925641
"992","m.to.land.in.300dir","Proprecruits3mm",-0.65184126638912
"993","percentage.of.MWD.within.range.2014","Proprecruits3mm",-0.696855641910658
"994","percent.in.range.2013","Proprecruits3mm",-0.696855641373111
"995","Difference.from.300.Northery.heading","Proprecruits3mm",0.449968145369995
"997","Slope.average","Proprecruits3mm",-0.869189135249556
"998","Slope.min","Proprecruits3mm",-0.779640095007997
"999","Slope.Max","Proprecruits3mm",-0.953170477948959
"1000","Coastline.hab.angle","Proprecruits3mm",0.485618872167361
"1003","No.Sex.All","Props35mm",0.723335024639702
"1005","X50cm2.10cm2","Props35mm",-0.417667834935893
"1006","X.10cm2..course.sand","Props35mm",0.717134492272814
"1007","cemented.rock.1m2.10cm2","Props35mm",-0.464496019924752
"1008","bare.cobble...2cm.","Props35mm",0.673328958407583
"1011","recruits3mm","Props35mm",0.408111616039495
"1012","s35mm","Props35mm",0.827683089354011
"1013","s57mm","Props35mm",0.577841843785213
"1016","s1416mm","Props35mm",-0.905740786781478
"1017","s1720mm","Props35mm",-0.913463784260362
"1018","ALL","Props35mm",0.640168916410364
"1019","s1to3mmcombined","Props35mm",0.994872920614061
"1020","Proprecruits3mm","Props35mm",0.461006663447587
"1023","Props810mm","Props35mm",-0.880240331215042
"1024","Props1113mm","Props35mm",-0.776328012960567
"1025","Props1416mm","Props35mm",-0.949587549850154
"1026","Props1720mm","Props35mm",-0.943652151841117
"1028","IdealLiveableRocks","Props35mm",-0.417667834935893
"1031","CobbleCourseSand","Props35mm",0.696823775105689
"1034","Size.2","Props35mm",-0.539801308994617
"1035","Surfzone.size..m.","Props35mm",0.648199958887126
"1037","Heading","Props35mm",-0.699056270195226
"1038","Heading.N","Props35mm",-0.754599042403493
"1039","Heading.S","Props35mm",-0.788403959235109
"1040","Heading.minus.coast","Props35mm",0.585611487771998
"1042","m.to.land.in.300dir","Props35mm",-0.971974073121264
"1043","percentage.of.MWD.within.range.2014","Props35mm",-0.588072296333159
"1044","percent.in.range.2013","Props35mm",-0.588072292967507
"1046","Total.degrees.opening","Props35mm",0.406040592190716
"1047","Slope.average","Props35mm",-0.777504634585293
"1048","Slope.min","Props35mm",-0.865990035432141
"1049","Slope.Max","Props35mm",-0.508940738950957
"1050","Coastline.hab.angle","Props35mm",0.96135612035801
"1051","Females.All","Props57mm",0.41188194050166
"1052","Males.All","Props57mm",0.51291131131745
"1054","Ovigerous","Props57mm",-0.78475722170393
"1055","X50cm2.10cm2","Props57mm",-0.868308405293632
"1057","cemented.rock.1m2.10cm2","Props57mm",-0.605141025012995
"1059","bare.sand..fine.very.course.sand.","Props57mm",-0.681785850528435
"1060","rocky.bench","Props57mm",0.773760775634271
"1063","s57mm","Props57mm",0.883736369152525
"1064","s810mm","Props57mm",0.738322556604051
"1065","s1113mm","Props57mm",-0.973943239237917
"1066","s1416mm","Props57mm",-0.73353556962146
"1067","s1720mm","Props57mm",-0.638857192400115
"1069","s1to3mmcombined","Props57mm",0.419543843045233
"1074","Props1113mm","Props57mm",-0.840055362722339
"1075","Props1416mm","Props57mm",-0.522114712272697
"1077","LiveableRocks","Props57mm",-0.700241022490032
"1078","IdealLiveableRocks","Props57mm",-0.868308405293632
"1079","NonliveableRocks","Props57mm",0.776101296354566
"1080","Sand","Props57mm",-0.681785850528435
"1082","OvigFemale","Props57mm",-0.841800549960064
"1083","Size.1","Props57mm",-0.998865165707423
"1084","Size.2","Props57mm",-0.983548505262075
"1085","Surfzone.size..m.","Props57mm",0.899579450808391
"1086","Size.of.opening","Props57mm",0.748568722140333
"1089","Heading.S","Props57mm",-0.462190801026424
"1091","m.to.nearest.pt","Props57mm",0.82926863839202
"1093","percentage.of.MWD.within.range.2014","Props57mm",0.519113364586818
"1094","percent.in.range.2013","Props57mm",0.519113368145606
"1095","Difference.from.300.Northery.heading","Props57mm",-0.931865856507978
"1096","Total.degrees.opening","Props57mm",0.810157109334653
"1100","Coastline.hab.angle","Props57mm",0.547432710494859
"1101","Females.All","Props810mm",-0.629146180254705
"1102","Males.All","Props810mm",-0.594511034164748
"1103","No.Sex.All","Props810mm",-0.963183279304932
"1106","X.10cm2..course.sand","Props810mm",-0.404993018317462
"1107","cemented.rock.1m2.10cm2","Props810mm",0.759941890492877
"1108","bare.cobble...2cm.","Props810mm",-0.436379590149791
"1109","bare.sand..fine.very.course.sand.","Props810mm",-0.450034098333462
"1110","rocky.bench","Props810mm",-0.498796943347013
"1111","recruits3mm","Props810mm",-0.792015145353619
"1112","s35mm","Props810mm",-0.975604178256143
"1113","s57mm","Props810mm",-0.682849300336241
"1114","s810mm","Props810mm",-0.645004164298669
"1116","s1416mm","Props810mm",0.828687020906733
"1117","s1720mm","Props810mm",0.923971176592557
"1118","ALL","Props810mm",-0.921350366574316
"1119","s1to3mmcombined","Props810mm",-0.9194651758396
"1120","Proprecruits3mm","Props810mm",-0.754485973895626
"1121","Props35mm","Props810mm",-0.880240331215042
"1124","Props1113mm","Props810mm",0.784407009806339
"1125","Props1416mm","Props810mm",0.958518292483529
"1126","Props1720mm","Props810mm",0.986111849761651
"1130","Sand","Props810mm",-0.450034098333462
"1131","CobbleCourseSand","Props810mm",-0.424948791447473
"1134","Size.2","Props810mm",0.485464017170081
"1135","Surfzone.size..m.","Props810mm",-0.421653651747472
"1136","Size.of.opening","Props810mm",-0.447438388420418
"1137","Heading","Props810mm",0.893617035207412
"1138","Heading.N","Props810mm",0.779058001689252
"1139","Heading.S","Props810mm",0.971491001814688
"1140","Heading.minus.coast","Props810mm",-0.813430435627057
"1142","m.to.land.in.300dir","Props810mm",0.932368820613394
"1143","percentage.of.MWD.within.range.2014","Props810mm",0.53293309864201
"1144","percent.in.range.2013","Props810mm",0.532933095543764
"1146","Total.degrees.opening","Props810mm",-0.619988261068525
"1147","Slope.average","Props810mm",0.977965959966986
"1148","Slope.min","Props810mm",0.999222722763103
"1149","Slope.Max","Props810mm",0.843872543161928
"1150","Coastline.hab.angle","Props810mm",-0.937141865206781
"1151","Females.All","Props1113mm",-0.596034523098822
"1152","Males.All","Props1113mm",-0.643040701832227
"1153","No.Sex.All","Props1113mm",-0.742875283118562
"1155","X50cm2.10cm2","Props1113mm",0.659705140151917
"1157","cemented.rock.1m2.10cm2","Props1113mm",0.806898711703028
"1160","rocky.bench","Props1113mm",-0.765739200234322
"1161","recruits3mm","Props1113mm",-0.486832331351116
"1162","s35mm","Props1113mm",-0.629107017741823
"1163","s57mm","Props1113mm",-0.959217037654982
"1164","s810mm","Props1113mm",-0.828633032732677
"1165","s1113mm","Props1113mm",0.751744695927027
"1166","s1416mm","Props1113mm",0.965609910751406
"1167","s1720mm","Props1113mm",0.952186142822035
"1168","ALL","Props1113mm",-0.744555584378105
"1169","s1to3mmcombined","Props1113mm",-0.816668215357438
"1171","Props35mm","Props1113mm",-0.776328012960567
"1172","Props57mm","Props1113mm",-0.840055362722339
"1173","Props810mm","Props1113mm",0.784407009806339
"1175","Props1416mm","Props1113mm",0.897486403126579
"1176","Props1720mm","Props1113mm",0.830035369742269
"1178","IdealLiveableRocks","Props1113mm",0.659705140151917
"1182","OvigFemale","Props1113mm",0.450883196961931
"1183","Size.1","Props1113mm",0.814918211809005
"1184","Size.2","Props1113mm",0.922930944255746
"1185","Surfzone.size..m.","Props1113mm",-0.847992394353006
"1186","Size.of.opening","Props1113mm",-0.717677024421432
"1187","Heading","Props1113mm",0.424835616904108
"1189","Heading.S","Props1113mm",0.849819763837303
"1191","m.to.nearest.pt","Props1113mm",-0.42547099877869
"1192","m.to.land.in.300dir","Props1113mm",0.687876548267498
"1195","Difference.from.300.Northery.heading","Props1113mm",0.626909060790226
"1196","Total.degrees.opening","Props1113mm",-0.864531308171275
"1197","Slope.average","Props1113mm",0.668388997909709
"1198","Slope.min","Props1113mm",0.762522521559997
"1199","Slope.Max","Props1113mm",0.446939532459824
"1200","Coastline.hab.angle","Props1113mm",-0.904417765086864
"1201","Females.All","Props1416mm",-0.519098978191886
"1202","Males.All","Props1416mm",-0.515201910718555
"1203","No.Sex.All","Props1416mm",-0.875111829541985
"1206","X.10cm2..course.sand","Props1416mm",-0.467561030648623
"1207","cemented.rock.1m2.10cm2","Props1416mm",0.718655618183402
"1208","bare.cobble...2cm.","Props1416mm",-0.436812490885191
"1210","rocky.bench","Props1416mm",-0.519347259358691
"1211","recruits3mm","Props1416mm",-0.616030123677671
"1212","s35mm","Props1416mm",-0.883347251322188
"1213","s57mm","Props1416mm",-0.772921048787606
"1214","s810mm","Props1416mm",-0.649922219705269
"1215","s1113mm","Props1416mm",0.425782039132491
"1216","s1416mm","Props1416mm",0.951462727105309
"1217","s1720mm","Props1416mm",0.989312424376947
"1218","ALL","Props1416mm",-0.828826781915312
"1219","s1to3mmcombined","Props1416mm",-0.975926862884101
"1220","Proprecruits3mm","Props1416mm",-0.5394306958656
"1221","Props35mm","Props1416mm",-0.949587549850154
"1222","Props57mm","Props1416mm",-0.522114712272697
"1223","Props810mm","Props1416mm",0.958518292483529
"1224","Props1113mm","Props1416mm",0.897486403126579
"1226","Props1720mm","Props1416mm",0.989042827250684
"1231","CobbleCourseSand","Props1416mm",-0.453093635069395
"1233","Size.1","Props1416mm",0.485645019092266
"1234","Size.2","Props1416mm",0.667497878099689
"1235","Surfzone.size..m.","Props1416mm",-0.657494724812807
"1236","Size.of.opening","Props1416mm",-0.45922723208626
"1237","Heading","Props1416mm",0.742802490231923
"1238","Heading.N","Props1416mm",0.67089525701288
"1239","Heading.S","Props1416mm",0.933673846699065
"1240","Heading.minus.coast","Props1416mm",-0.627431938549885
"1242","m.to.land.in.300dir","Props1416mm",0.934555497200417
"1243","percentage.of.MWD.within.range.2014","Props1416mm",0.423375494788718
"1244","percent.in.range.2013","Props1416mm",0.423375491082328
"1246","Total.degrees.opening","Props1416mm",-0.657623823470512
"1247","Slope.average","Props1416mm",0.878195260115871
"1248","Slope.min","Props1416mm",0.946580357191339
"1249","Slope.Max","Props1416mm",0.661292828226223
"1250","Coastline.hab.angle","Props1416mm",-0.997488575360706
"1251","Females.All","Props1720mm",-0.530015751464552
"1252","Males.All","Props1720mm",-0.507811990763531
"1253","No.Sex.All","Props1720mm",-0.910726252070368
"1256","X.10cm2..course.sand","Props1720mm",-0.496790861935826
"1257","cemented.rock.1m2.10cm2","Props1720mm",0.703427543441202
"1258","bare.cobble...2cm.","Props1720mm",-0.496580197249284
"1260","rocky.bench","Props1720mm",-0.460548680167907
"1261","recruits3mm","Props1720mm",-0.682018919709415
"1262","s35mm","Props1720mm",-0.941837162967821
"1263","s57mm","Props1720mm",-0.699573913050366
"1264","s810mm","Props1720mm",-0.605738195012418
"1266","s1416mm","Props1720mm",0.895929136662989
"1267","s1720mm","Props1720mm",0.959660878062524
"1268","ALL","Props1720mm",-0.858010432471656
"1269","s1to3mmcombined","Props1720mm",-0.970954388873674
"1270","Proprecruits3mm","Props1720mm",-0.6525650499554
"1271","Props35mm","Props1720mm",-0.943652151841117
"1273","Props810mm","Props1720mm",0.986111849761651
"1274","Props1113mm","Props1720mm",0.830035369742269
"1275","Props1416mm","Props1720mm",0.989042827250684
"1281","CobbleCourseSand","Props1720mm",-0.499594324993437
"1284","Size.2","Props1720mm",0.555767069553737
"1285","Surfzone.size..m.","Props1720mm",-0.541228442976502
"1286","Size.of.opening","Props1720mm",-0.401932649130773
"1287","Heading","Props1720mm",0.832709833714686
"1288","Heading.N","Props1720mm",0.762902514229168
"1289","Heading.S","Props1720mm",0.944485265034977
"1290","Heading.minus.coast","Props1720mm",-0.734411066823471
"1292","m.to.land.in.300dir","Props1720mm",0.962273904429702
"1293","percentage.of.MWD.within.range.2014","Props1720mm",0.527782561257386
"1294","percent.in.range.2013","Props1720mm",0.52778255787291
"1296","Total.degrees.opening","Props1720mm",-0.598388209201367
"1297","Slope.average","Props1720mm",0.931123849387577
"1298","Slope.min","Props1720mm",0.979522132723121
"1299","Slope.Max","Props1720mm",0.743700172435466
"1300","Coastline.hab.angle","Props1720mm",-0.979183426932965
"1302","Males.All","LiveableRocks",-0.427520941546591
"1304","Ovigerous","LiveableRocks",0.98436546620349
"1305","X50cm2.10cm2","LiveableRocks",0.495720881928219
"1306","X.10cm2..course.sand","LiveableRocks",0.77547591520222
"1308","bare.cobble...2cm.","LiveableRocks",0.890038607495082
"1309","bare.sand..fine.very.course.sand.","LiveableRocks",0.953237423370428
"1310","rocky.bench","LiveableRocks",-0.649894478632102
"1312","s35mm","LiveableRocks",0.47273619682869
"1313","s57mm","LiveableRocks",-0.476846463759494
"1314","s810mm","LiveableRocks",-0.506802868694548
"1315","s1113mm","LiveableRocks",0.679642320172397
"1320","Proprecruits3mm","LiveableRocks",0.583245542676538
"1322","Props57mm","LiveableRocks",-0.700241022490032
"1328","IdealLiveableRocks","LiveableRocks",0.495720881928219
"1329","NonliveableRocks","LiveableRocks",-0.991391087620535
"1330","Sand","LiveableRocks",0.953237423370428
"1331","CobbleCourseSand","LiveableRocks",0.844182870474639
"1332","OvigFemale","LiveableRocks",0.973596940083203
"1333","Size.1","LiveableRocks",0.719374547953552
"1334","Size.2","LiveableRocks",0.571045044677063
"1336","Size.of.opening","LiveableRocks",-0.679916134668597
"1337","Heading","LiveableRocks",-0.603031860637158
"1338","Heading.N","LiveableRocks",-0.833302460696126
"1340","Heading.minus.coast","LiveableRocks",0.652217114971718
"1341","m.to.nearest.pt","LiveableRocks",-0.976733314648447
"1342","m.to.land.in.300dir","LiveableRocks",-0.51687209315632
"1343","percentage.of.MWD.within.range.2014","LiveableRocks",-0.967068669918294
"1344","percent.in.range.2013","LiveableRocks",-0.967068670921208
"1345","Difference.from.300.Northery.heading","LiveableRocks",0.910872924947269
"1346","Total.degrees.opening","LiveableRocks",-0.553912594720194
"1354","Ovigerous","IdealLiveableRocks",0.639523802343748
"1359","bare.sand..fine.very.course.sand.","IdealLiveableRocks",0.629011733533564
"1363","s57mm","IdealLiveableRocks",-0.599360995303502
"1365","s1113mm","IdealLiveableRocks",0.952877519519551
"1366","s1416mm","IdealLiveableRocks",0.658158251606293
"1367","s1720mm","IdealLiveableRocks",0.490943014158049
"1370","Proprecruits3mm","IdealLiveableRocks",0.557639736659334
"1371","Props35mm","IdealLiveableRocks",-0.417667834935893
"1372","Props57mm","IdealLiveableRocks",-0.868308405293632
"1374","Props1113mm","IdealLiveableRocks",0.659705140151917
"1377","LiveableRocks","IdealLiveableRocks",0.495720881928219
"1379","NonliveableRocks","IdealLiveableRocks",-0.545491434520279
"1380","Sand","IdealLiveableRocks",0.629011733533564
"1382","OvigFemale","IdealLiveableRocks",0.666529386866696
"1383","Size.1","IdealLiveableRocks",0.881085229287481
"1384","Size.2","IdealLiveableRocks",0.845186439876956
"1385","Surfzone.size..m.","IdealLiveableRocks",-0.951963976049157
"1390","Heading.minus.coast","IdealLiveableRocks",0.462057521288478
"1391","m.to.nearest.pt","IdealLiveableRocks",-0.664548175351454
"1395","Difference.from.300.Northery.heading","IdealLiveableRocks",0.739997131449942
"1396","Total.degrees.opening","IdealLiveableRocks",-0.430792776903988
"1400","Coastline.hab.angle","IdealLiveableRocks",-0.451392448675529
"1401","Females.All","NonliveableRocks",0.40826483739907
"1402","Males.All","NonliveableRocks",0.512013601190417
"1404","Ovigerous","NonliveableRocks",-0.98399107404177
"1405","X50cm2.10cm2","NonliveableRocks",-0.545491434520279
"1406","X.10cm2..course.sand","NonliveableRocks",-0.733279028865914
"1407","cemented.rock.1m2.10cm2","NonliveableRocks",-0.430470276779193
"1408","bare.cobble...2cm.","NonliveableRocks",-0.851098245252829
"1409","bare.sand..fine.very.course.sand.","NonliveableRocks",-0.928287045323792
"1410","rocky.bench","NonliveableRocks",0.734340352617316
"1413","s57mm","NonliveableRocks",0.58783055751566
"1414","s810mm","NonliveableRocks",0.606621918103338
"1415","s1113mm","NonliveableRocks",-0.739493044150827
"1420","Proprecruits3mm","NonliveableRocks",-0.510924733450004
"1422","Props57mm","NonliveableRocks",0.776101296354566
"1427","LiveableRocks","NonliveableRocks",-0.991391087620535
"1428","IdealLiveableRocks","NonliveableRocks",-0.545491434520279
"1430","Sand","NonliveableRocks",-0.928287045323792
"1431","CobbleCourseSand","NonliveableRocks",-0.803561256489052
"1432","OvigFemale","NonliveableRocks",-0.988215252362695
"1433","Size.1","NonliveableRocks",-0.790298557774501
"1434","Size.2","NonliveableRocks",-0.66457634523253
"1435","Surfzone.size..m.","NonliveableRocks",0.454579804036558
"1436","Size.of.opening","NonliveableRocks",0.757374008021632
"1437","Heading","NonliveableRocks",0.507175528809859
"1438","Heading.N","NonliveableRocks",0.754974947040969
"1440","Heading.minus.coast","NonliveableRocks",-0.571174225949388
"1441","m.to.nearest.pt","NonliveableRocks",0.987411349693993
"1442","m.to.land.in.300dir","NonliveableRocks",0.401714240737931
"1443","percentage.of.MWD.within.range.2014","NonliveableRocks",0.925421135954141
"1444","percent.in.range.2013","NonliveableRocks",0.925421137449617
"1445","Difference.from.300.Northery.heading","NonliveableRocks",-0.951915272815497
"1446","Total.degrees.opening","NonliveableRocks",0.653987175941814
"1454","Ovigerous","Sand",0.975582712283583
"1455","X50cm2.10cm2","Sand",0.629011733533564
"1456","X.10cm2..course.sand","Sand",0.617786866544004
"1458","bare.cobble...2cm.","Sand",0.7726415349831
"1460","rocky.bench","Sand",-0.442942964304061
"1461","recruits3mm","Sand",0.407479781053029
"1462","s35mm","Sand",0.627678134412941
"1465","s1113mm","Sand",0.730208129080376
"1470","Proprecruits3mm","Sand",0.793941375645808
"1472","Props57mm","Sand",-0.681785850528435
"1473","Props810mm","Sand",-0.450034098333462
"1477","LiveableRocks","Sand",0.953237423370428
"1478","IdealLiveableRocks","Sand",0.629011733533564
"1479","NonliveableRocks","Sand",-0.928287045323792
"1481","CobbleCourseSand","Sand",0.708127069658646
"1482","OvigFemale","Sand",0.945525308255739
"1483","Size.1","Sand",0.711254271387798
"1484","Size.2","Sand",0.538419600288898
"1485","Surfzone.size..m.","Sand",-0.44359091002073
"1486","Size.of.opening","Sand",-0.466941595595351
"1487","Heading","Sand",-0.771840239964826
"1488","Heading.N","Sand",-0.891606160410389
"1490","Heading.minus.coast","Sand",0.830303731973259
"1491","m.to.nearest.pt","Sand",-0.955490158241924
"1492","m.to.land.in.300dir","Sand",-0.564163562876298
"1493","percentage.of.MWD.within.range.2014","Sand",-0.955265149894855
"1494","percent.in.range.2013","Sand",-0.955265150729238
"1495","Difference.from.300.Northery.heading","Sand",0.868686179055733
"1497","Slope.average","Sand",-0.54508023763569
"1498","Slope.min","Sand",-0.474598734890355
"1499","Slope.Max","Sand",-0.580922196165727
"1501","Females.All","CobbleCourseSand",-0.420760209112416
"1502","Males.All","CobbleCourseSand",-0.473820034748323
"1504","Ovigerous","CobbleCourseSand",0.737440844072772
"1506","X.10cm2..course.sand","CobbleCourseSand",0.992655285132973
"1508","bare.cobble...2cm.","CobbleCourseSand",0.995347286302719
"1509","bare.sand..fine.very.course.sand.","CobbleCourseSand",0.708127069658646
"1510","rocky.bench","CobbleCourseSand",-0.526090614463307
"1512","s35mm","CobbleCourseSand",0.495184234120233
"1519","s1to3mmcombined","CobbleCourseSand",0.631791836891585
"1521","Props35mm","CobbleCourseSand",0.696823775105689
"1523","Props810mm","CobbleCourseSand",-0.424948791447473
"1525","Props1416mm","CobbleCourseSand",-0.453093635069395
"1526","Props1720mm","CobbleCourseSand",-0.499594324993437
"1527","LiveableRocks","CobbleCourseSand",0.844182870474639
"1529","NonliveableRocks","CobbleCourseSand",-0.803561256489052
"1530","Sand","CobbleCourseSand",0.708127069658646
"1532","OvigFemale","CobbleCourseSand",0.708386612505071
"1536","Size.of.opening","CobbleCourseSand",-0.583804237280906
"1537","Heading","CobbleCourseSand",-0.49865409746148
"1538","Heading.N","CobbleCourseSand",-0.794050799659835
"1540","Heading.minus.coast","CobbleCourseSand",0.464955747665286
"1541","m.to.nearest.pt","CobbleCourseSand",-0.713216806833425
"1542","m.to.land.in.300dir","CobbleCourseSand",-0.714877712912224
"1543","percentage.of.MWD.within.range.2014","CobbleCourseSand",-0.879707906101273
"1544","percent.in.range.2013","CobbleCourseSand",-0.879707905339158
"1545","Difference.from.300.Northery.heading","CobbleCourseSand",0.590897405453839
"1548","Slope.min","CobbleCourseSand",-0.421384354186295
"1550","Coastline.hab.angle","CobbleCourseSand",0.475731198337431
"1552","Males.All","OvigFemale",-0.446603871214783
"1554","Ovigerous","OvigFemale",0.993283976761079
"1555","X50cm2.10cm2","OvigFemale",0.666529386866696
"1556","X.10cm2..course.sand","OvigFemale",0.624232694665389
"1558","bare.cobble...2cm.","OvigFemale",0.767971281267196
"1559","bare.sand..fine.very.course.sand.","OvigFemale",0.945525308255739
"1560","rocky.bench","OvigFemale",-0.706354923334793
"1563","s57mm","OvigFemale",-0.618699296267334
"1564","s810mm","OvigFemale",-0.584833109620181
"1565","s1113mm","OvigFemale",0.827845115361575
"1570","Proprecruits3mm","OvigFemale",0.569252937624951
"1572","Props57mm","OvigFemale",-0.841800549960064
"1574","Props1113mm","OvigFemale",0.450883196961931
"1577","LiveableRocks","OvigFemale",0.973596940083203
"1578","IdealLiveableRocks","OvigFemale",0.666529386866696
"1579","NonliveableRocks","OvigFemale",-0.988215252362695
"1580","Sand","OvigFemale",0.945525308255739
"1581","CobbleCourseSand","OvigFemale",0.708386612505071
"1583","Size.1","OvigFemale",0.857524752068181
"1584","Size.2","OvigFemale",0.736080644856852
"1585","Surfzone.size..m.","OvigFemale",-0.571837118544374
"1586","Size.of.opening","OvigFemale",-0.720597354607955
"1587","Heading","OvigFemale",-0.523213915927134
"1588","Heading.N","OvigFemale",-0.730628622446414
"1590","Heading.minus.coast","OvigFemale",0.605628851430305
"1591","m.to.nearest.pt","OvigFemale",-0.999482159785721
"1593","percentage.of.MWD.within.range.2014","OvigFemale",-0.89729548918908
"1594","percent.in.range.2013","OvigFemale",-0.897295491033767
"1595","Difference.from.300.Northery.heading","OvigFemale",0.978040717027899
"1596","Total.degrees.opening","OvigFemale",-0.646698865743016
"1602","Males.All","Size.1",-0.482081770792442
"1604","Ovigerous","Size.1",0.805293577944913
"1605","X50cm2.10cm2","Size.1",0.881085229287481
"1607","cemented.rock.1m2.10cm2","Size.1",0.570276002118569
"1609","bare.sand..fine.very.course.sand.","Size.1",0.711254271387798
"1610","rocky.bench","Size.1",-0.753371024010628
"1613","s57mm","Size.1",-0.860834331059034
"1614","s810mm","Size.1",-0.711064846581235
"1615","s1113mm","Size.1",0.981496917083039
"1616","s1416mm","Size.1",0.70763198395803
"1617","s1720mm","Size.1",0.60520162221603
"1622","Props57mm","Size.1",-0.998865165707423
"1624","Props1113mm","Size.1",0.814918211809005
"1625","Props1416mm","Size.1",0.485645019092266
"1627","LiveableRocks","Size.1",0.719374547953552
"1628","IdealLiveableRocks","Size.1",0.881085229287481
"1629","NonliveableRocks","Size.1",-0.790298557774501
"1630","Sand","Size.1",0.711254271387798
"1632","OvigFemale","Size.1",0.857524752068181
"1634","Size.2","Size.1",0.974979093599116
"1635","Surfzone.size..m.","Size.1",-0.897719258681502
"1636","Size.of.opening","Size.1",-0.729645900473563
"1639","Heading.S","Size.1",0.419546355234483
"1641","m.to.nearest.pt","Size.1",-0.846418256817096
"1643","percentage.of.MWD.within.range.2014","Size.1",-0.546967774106221
"1644","percent.in.range.2013","Size.1",-0.546967777576932
"1645","Difference.from.300.Northery.heading","Size.1",0.939906943700267
"1646","Total.degrees.opening","Size.1",-0.786103794194137
"1650","Coastline.hab.angle","Size.1",-0.513130030596069
"1651","Females.All","Size.2",-0.464167557819328
"1652","Males.All","Size.2",-0.551737944273536
"1653","No.Sex.All","Size.2",-0.45479294314534
"1654","Ovigerous","Size.2",0.66297219388481
"1655","X50cm2.10cm2","Size.2",0.845186439876956
"1657","cemented.rock.1m2.10cm2","Size.2",0.676378432095727
"1659","bare.sand..fine.very.course.sand.","Size.2",0.538419600288898
"1660","rocky.bench","Size.2",-0.781539177324799
"1663","s57mm","Size.2",-0.93328821533655
"1664","s810mm","Size.2",-0.778366056476533
"1665","s1113mm","Size.2",0.941704056255733
"1666","s1416mm","Size.2",0.842639703630377
"1667","s1720mm","Size.2",0.766989117726739
"1668","ALL","Size.2",-0.485329172452885
"1669","s1to3mmcombined","Size.2",-0.574060741024718
"1671","Props35mm","Size.2",-0.539801308994617
"1672","Props57mm","Size.2",-0.983548505262075
"1673","Props810mm","Size.2",0.485464017170081
"1674","Props1113mm","Size.2",0.922930944255746
"1675","Props1416mm","Size.2",0.667497878099689
"1676","Props1720mm","Size.2",0.555767069553737
"1677","LiveableRocks","Size.2",0.571045044677063
"1678","IdealLiveableRocks","Size.2",0.845186439876956
"1679","NonliveableRocks","Size.2",-0.66457634523253
"1680","Sand","Size.2",0.538419600288898
"1682","OvigFemale","Size.2",0.736080644856852
"1683","Size.1","Size.2",0.974979093599116
"1685","Surfzone.size..m.","Size.2",-0.926918297246792
"1686","Size.of.opening","Size.2",-0.746571349668267
"1689","Heading.S","Size.2",0.598887963303314
"1691","m.to.nearest.pt","Size.2",-0.719193924371612
"1695","Difference.from.300.Northery.heading","Size.2",0.858807124628183
"1696","Total.degrees.opening","Size.2",-0.843223652948843
"1698","Slope.min","Size.2",0.455470791854073
"1700","Coastline.hab.angle","Size.2",-0.689471286530604
"1704","Ovigerous","Surfzone.size..m.",-0.511971286310167
"1705","X50cm2.10cm2","Surfzone.size..m.",-0.951963976049157
"1707","cemented.rock.1m2.10cm2","Surfzone.size..m.",-0.406582836007511
"1709","bare.sand..fine.very.course.sand.","Surfzone.size..m.",-0.44359091002073
"1710","rocky.bench","Surfzone.size..m.",0.49241819602783
"1713","s57mm","Surfzone.size..m.",0.765064846502721
"1714","s810mm","Surfzone.size..m.",0.506540960721869
"1715","s1113mm","Surfzone.size..m.",-0.932101820276148
"1716","s1416mm","Surfzone.size..m.",-0.856766256335273
"1717","s1720mm","Surfzone.size..m.",-0.734104968135977
"1719","s1to3mmcombined","Surfzone.size..m.",0.644827519257411
"1721","Props35mm","Surfzone.size..m.",0.648199958887126
"1722","Props57mm","Surfzone.size..m.",0.899579450808391
"1723","Props810mm","Surfzone.size..m.",-0.421653651747472
"1724","Props1113mm","Surfzone.size..m.",-0.847992394353006
"1725","Props1416mm","Surfzone.size..m.",-0.657494724812807
"1726","Props1720mm","Surfzone.size..m.",-0.541228442976502
"1728","IdealLiveableRocks","Surfzone.size..m.",-0.951963976049157
"1729","NonliveableRocks","Surfzone.size..m.",0.454579804036558
"1730","Sand","Surfzone.size..m.",-0.44359091002073
"1732","OvigFemale","Surfzone.size..m.",-0.571837118544374
"1733","Size.1","Surfzone.size..m.",-0.897719258681502
"1734","Size.2","Surfzone.size..m.",-0.926918297246792
"1736","Size.of.opening","Surfzone.size..m.",0.442798363246245
"1739","Heading.S","Surfzone.size..m.",-0.459928081878753
"1741","m.to.nearest.pt","Surfzone.size..m.",0.560408100232575
"1742","m.to.land.in.300dir","Surfzone.size..m.",-0.460944521066102
"1745","Difference.from.300.Northery.heading","Surfzone.size..m.",-0.700320117672421
"1746","Total.degrees.opening","Surfzone.size..m.",0.594133081706353
"1750","Coastline.hab.angle","Surfzone.size..m.",0.700187652775973
"1751","Females.All","Size.of.opening",0.888871463984649
"1752","Males.All","Size.of.opening",0.938991560331409
"1753","No.Sex.All","Size.of.opening",0.59878312278667
"1754","Ovigerous","Size.of.opening",-0.648536714359737
"1756","X.10cm2..course.sand","Size.of.opening",-0.562448928744397
"1757","cemented.rock.1m2.10cm2","Size.of.opening",-0.912740174559149
"1758","bare.cobble...2cm.","Size.of.opening",-0.594681330784523
"1759","bare.sand..fine.very.course.sand.","Size.of.opening",-0.466941595595351
"1760","rocky.bench","Size.of.opening",0.99739333884319
"1761","recruits3mm","Size.of.opening",0.609207582186086
"1763","s57mm","Size.of.opening",0.883401025028326
"1764","s810mm","Size.of.opening",0.971774631902727
"1765","s1113mm","Size.of.opening",-0.586355173552803
"1766","s1416mm","Size.of.opening",-0.515096229449197
"1767","s1720mm","Size.of.opening",-0.557177479291855
"1768","ALL","Size.of.opening",0.692839058703081
"1772","Props57mm","Size.of.opening",0.748568722140333
"1773","Props810mm","Size.of.opening",-0.447438388420418
"1774","Props1113mm","Size.of.opening",-0.717677024421432
"1775","Props1416mm","Size.of.opening",-0.45922723208626
"1776","Props1720mm","Size.of.opening",-0.401932649130773
"1777","LiveableRocks","Size.of.opening",-0.679916134668597
"1779","NonliveableRocks","Size.of.opening",0.757374008021632
"1780","Sand","Size.of.opening",-0.466941595595351
"1781","CobbleCourseSand","Size.of.opening",-0.583804237280906
"1782","OvigFemale","Size.of.opening",-0.720597354607955
"1783","Size.1","Size.of.opening",-0.729645900473563
"1784","Size.2","Size.of.opening",-0.746571349668267
"1785","Surfzone.size..m.","Size.of.opening",0.442798363246245
"1789","Heading.S","Size.of.opening",-0.645980343487888
"1791","m.to.nearest.pt","Size.of.opening",0.699515920808364
"1793","percentage.of.MWD.within.range.2014","Size.of.opening",0.494430989293653
"1794","percent.in.range.2013","Size.of.opening",0.494430991921477
"1795","Difference.from.300.Northery.heading","Size.of.opening",-0.792777893330384
"1796","Total.degrees.opening","Size.of.opening",0.969231426864477
"1797","Slope.average","Size.of.opening",-0.434095413965295
"1798","Slope.min","Size.of.opening",-0.439847368508468
"1799","Slope.Max","Size.of.opening",-0.447447212552161
"1800","Coastline.hab.angle","Size.of.opening",0.434856641411229
"1801","Females.All","Heading",-0.531989222711782
"1802","Males.All","Heading",-0.447367095251748
"1803","No.Sex.All","Heading",-0.88510351513452
"1804","Ovigerous","Heading",-0.616085399567393
"1806","X.10cm2..course.sand","Heading",-0.429682672221821
"1807","cemented.rock.1m2.10cm2","Heading",0.559431797587638
"1808","bare.cobble...2cm.","Heading",-0.548349358802656
"1809","bare.sand..fine.very.course.sand.","Heading",-0.771840239964826
"1811","recruits3mm","Heading",-0.836831209642626
"1812","s35mm","Heading",-0.969635703326773
"1816","s1416mm","Heading",0.500702331441373
"1817","s1720mm","Heading",0.656234469657644
"1818","ALL","Heading",-0.829760327486386
"1819","s1to3mmcombined","Heading",-0.732494750302985
"1820","Proprecruits3mm","Heading",-0.956754985104541
"1821","Props35mm","Heading",-0.699056270195226
"1823","Props810mm","Heading",0.893617035207412
"1824","Props1113mm","Heading",0.424835616904108
"1825","Props1416mm","Heading",0.742802490231923
"1826","Props1720mm","Heading",0.832709833714686
"1827","LiveableRocks","Heading",-0.603031860637158
"1829","NonliveableRocks","Heading",0.507175528809859
"1830","Sand","Heading",-0.771840239964826
"1831","CobbleCourseSand","Heading",-0.49865409746148
"1832","OvigFemale","Heading",-0.523213915927134
"1838","Heading.N","Heading",0.918980669392403
"1839","Heading.S","Heading",0.815999375640436
"1840","Heading.minus.coast","Heading",-0.987350873182422
"1841","m.to.nearest.pt","Heading",0.550361271103275
"1842","m.to.land.in.300dir","Heading",0.8441404911137
"1843","percentage.of.MWD.within.range.2014","Heading",0.760661856419043
"1844","percent.in.range.2013","Heading",0.760661854905336
"1847","Slope.average","Heading",0.952505356116546
"1848","Slope.min","Heading",0.909301686660703
"1849","Slope.Max","Heading",0.931798095360697
"1850","Coastline.hab.angle","Heading",-0.703508076298968
"1853","No.Sex.All","Heading.N",-0.676516737333076
"1854","Ovigerous","Heading.N",-0.803384341535956
"1856","X.10cm2..course.sand","Heading.N",-0.73580257699401
"1858","bare.cobble...2cm.","Heading.N",-0.832103180506537
"1859","bare.sand..fine.very.course.sand.","Heading.N",-0.891606160410389
"1861","recruits3mm","Heading.N",-0.553550092594296
"1862","s35mm","Heading.N",-0.878353989213017
"1866","s1416mm","Heading.N",0.444155413750463
"1867","s1720mm","Heading.N",0.555897102378986
"1868","ALL","Heading.N",-0.576127593121769
"1869","s1to3mmcombined","Heading.N",-0.747648195070172
"1870","Proprecruits3mm","Heading.N",-0.829143910733008
"1871","Props35mm","Heading.N",-0.754599042403493
"1873","Props810mm","Heading.N",0.779058001689252
"1875","Props1416mm","Heading.N",0.67089525701288
"1876","Props1720mm","Heading.N",0.762902514229168
"1877","LiveableRocks","Heading.N",-0.833302460696126
"1879","NonliveableRocks","Heading.N",0.754974947040969
"1880","Sand","Heading.N",-0.891606160410389
"1881","CobbleCourseSand","Heading.N",-0.794050799659835
"1882","OvigFemale","Heading.N",-0.730628622446414
"1887","Heading","Heading.N",0.918980669392403
"1889","Heading.S","Heading.N",0.620037998665814
"1890","Heading.minus.coast","Heading.N",-0.906528767861918
"1891","m.to.nearest.pt","Heading.N",0.750651914548255
"1892","m.to.land.in.300dir","Heading.N",0.876614834901268
"1893","percentage.of.MWD.within.range.2014","Heading.N",0.944485358908221
"1894","percent.in.range.2013","Heading.N",0.944485357800044
"1895","Difference.from.300.Northery.heading","Heading.N",-0.573980212412067
"1897","Slope.average","Heading.N",0.805250924702302
"1898","Slope.min","Heading.N",0.790859419932135
"1899","Slope.Max","Heading.N",0.715286624306325
"1900","Coastline.hab.angle","Heading.N",-0.651217012658437
"1901","Females.All","Heading.S",-0.779065296827646
"1902","Males.All","Heading.S",-0.760899650737089
"1903","No.Sex.All","Heading.S",-0.983825610502573
"1907","cemented.rock.1m2.10cm2","Heading.S",0.891758089298759
"1910","rocky.bench","Heading.S",-0.688295085964559
"1911","recruits3mm","Heading.S",-0.847320545311759
"1912","s35mm","Heading.S",-0.917013654599584
"1913","s57mm","Heading.S",-0.809380141062357
"1914","s810mm","Heading.S",-0.806705534810005
"1916","s1416mm","Heading.S",0.832703037662875
"1917","s1720mm","Heading.S",0.928820062091836
"1918","ALL","Heading.S",-0.973702318677189
"1919","s1to3mmcombined","Heading.S",-0.84620727593409
"1920","Proprecruits3mm","Heading.S",-0.69823049760109
"1921","Props35mm","Heading.S",-0.788403959235109
"1922","Props57mm","Heading.S",-0.462190801026424
"1923","Props810mm","Heading.S",0.971491001814688
"1924","Props1113mm","Heading.S",0.849819763837303
"1925","Props1416mm","Heading.S",0.933673846699065
"1926","Props1720mm","Heading.S",0.944485265034977
"1933","Size.1","Heading.S",0.419546355234483
"1934","Size.2","Heading.S",0.598887963303314
"1935","Surfzone.size..m.","Heading.S",-0.459928081878753
"1936","Size.of.opening","Heading.S",-0.645980343487888
"1937","Heading","Heading.S",0.815999375640436
"1938","Heading.N","Heading.S",0.620037998665814
"1940","Heading.minus.coast","Heading.S",-0.731052031058681
"1942","m.to.land.in.300dir","Heading.S",0.828411626044223
"1946","Total.degrees.opening","Heading.S",-0.782520942372295
"1947","Slope.average","Heading.S",0.953247730436051
"1948","Slope.min","Heading.S",0.969576973037786
"1949","Slope.Max","Heading.S",0.848656282216498
"1950","Coastline.hab.angle","Heading.S",-0.907713751588346
"1951","Females.All","Heading.minus.coast",0.50350985011989
"1952","Males.All","Heading.minus.coast",0.406250146766784
"1953","No.Sex.All","Heading.minus.coast",0.825492809766006
"1954","Ovigerous","Heading.minus.coast",0.687636239930593
"1955","X50cm2.10cm2","Heading.minus.coast",0.462057521288478
"1957","cemented.rock.1m2.10cm2","Heading.minus.coast",-0.487039183466223
"1958","bare.cobble...2cm.","Heading.minus.coast",0.526807828472711
"1959","bare.sand..fine.very.course.sand.","Heading.minus.coast",0.830303731973259
"1961","recruits3mm","Heading.minus.coast",0.832565432844364
"1962","s35mm","Heading.minus.coast",0.919006574810969
"1965","s1113mm","Heading.minus.coast",0.417825546729005
"1967","s1720mm","Heading.minus.coast",-0.530072836174508
"1968","ALL","Heading.minus.coast",0.773225601466911
"1969","s1to3mmcombined","Heading.minus.coast",0.619145359713292
"1970","Proprecruits3mm","Heading.minus.coast",0.986406060509981
"1971","Props35mm","Heading.minus.coast",0.585611487771998
"1973","Props810mm","Heading.minus.coast",-0.813430435627057
"1975","Props1416mm","Heading.minus.coast",-0.627431938549885
"1976","Props1720mm","Heading.minus.coast",-0.734411066823471
"1977","LiveableRocks","Heading.minus.coast",0.652217114971718
"1978","IdealLiveableRocks","Heading.minus.coast",0.462057521288478
"1979","NonliveableRocks","Heading.minus.coast",-0.571174225949388
"1980","Sand","Heading.minus.coast",0.830303731973259
"1981","CobbleCourseSand","Heading.minus.coast",0.464955747665286
"1982","OvigFemale","Heading.minus.coast",0.605628851430305
"1987","Heading","Heading.minus.coast",-0.987350873182422
"1988","Heading.N","Heading.minus.coast",-0.906528767861918
"1989","Heading.S","Heading.minus.coast",-0.731052031058681
"1991","m.to.nearest.pt","Heading.minus.coast",-0.630565088994586
"1992","m.to.land.in.300dir","Heading.minus.coast",-0.758230347762225
"1993","percentage.of.MWD.within.range.2014","Heading.minus.coast",-0.778919901747205
"1994","percent.in.range.2013","Heading.minus.coast",-0.778919900858091
"1995","Difference.from.300.Northery.heading","Heading.minus.coast",0.465647978017721
"1997","Slope.average","Heading.minus.coast",-0.901628768630033
"1998","Slope.min","Heading.minus.coast",-0.834568457177596
"1999","Slope.Max","Heading.minus.coast",-0.930595362772601
"2000","Coastline.hab.angle","Heading.minus.coast",0.581930223390492
"2002","Males.All","m.to.nearest.pt",0.420873522009359
"2004","Ovigerous","m.to.nearest.pt",-0.996421363337596
"2005","X50cm2.10cm2","m.to.nearest.pt",-0.664548175351454
"2006","X.10cm2..course.sand","m.to.nearest.pt",-0.628208226091976
"2008","bare.cobble...2cm.","m.to.nearest.pt",-0.773431443680402
"2009","bare.sand..fine.very.course.sand.","m.to.nearest.pt",-0.955490158241924
"2010","rocky.bench","m.to.nearest.pt",0.684113836213024
"2013","s57mm","m.to.nearest.pt",0.593927393692243
"2014","s810mm","m.to.nearest.pt",0.558822077242352
"2015","s1113mm","m.to.nearest.pt",-0.821140494064889
"2020","Proprecruits3mm","m.to.nearest.pt",-0.593686875925641
"2022","Props57mm","m.to.nearest.pt",0.82926863839202
"2024","Props1113mm","m.to.nearest.pt",-0.42547099877869
"2027","LiveableRocks","m.to.nearest.pt",-0.976733314648447
"2028","IdealLiveableRocks","m.to.nearest.pt",-0.664548175351454
"2029","NonliveableRocks","m.to.nearest.pt",0.987411349693993
"2030","Sand","m.to.nearest.pt",-0.955490158241924
"2031","CobbleCourseSand","m.to.nearest.pt",-0.713216806833425
"2032","OvigFemale","m.to.nearest.pt",-0.999482159785721
"2033","Size.1","m.to.nearest.pt",-0.846418256817096
"2034","Size.2","m.to.nearest.pt",-0.719193924371612
"2035","Surfzone.size..m.","m.to.nearest.pt",0.560408100232575
"2036","Size.of.opening","m.to.nearest.pt",0.699515920808364
"2037","Heading","m.to.nearest.pt",0.550361271103275
"2038","Heading.N","m.to.nearest.pt",0.750651914548255
"2040","Heading.minus.coast","m.to.nearest.pt",-0.630565088994586
"2043","percentage.of.MWD.within.range.2014","m.to.nearest.pt",0.907971533527066
"2044","percent.in.range.2013","m.to.nearest.pt",0.907971535275963
"2045","Difference.from.300.Northery.heading","m.to.nearest.pt",-0.97176394712906
"2046","Total.degrees.opening","m.to.nearest.pt",0.621878384662551
"2053","No.Sex.All","m.to.land.in.300dir",-0.80440173757485
"2054","Ovigerous","m.to.land.in.300dir",-0.434402636522252
"2056","X.10cm2..course.sand","m.to.land.in.300dir",-0.706541097804046
"2057","cemented.rock.1m2.10cm2","m.to.land.in.300dir",0.488225215088421
"2058","bare.cobble...2cm.","m.to.land.in.300dir",-0.714009471759135
"2059","bare.sand..fine.very.course.sand.","m.to.land.in.300dir",-0.564163562876298
"2061","recruits3mm","m.to.land.in.300dir",-0.55123483938991
"2062","s35mm","m.to.land.in.300dir",-0.924470843769877
"2063","s57mm","m.to.land.in.300dir",-0.496774305538229
"2066","s1416mm","m.to.land.in.300dir",0.819690927676025
"2067","s1720mm","m.to.land.in.300dir",0.87437043574001
"2068","ALL","m.to.land.in.300dir",-0.71927368962117
"2069","s1to3mmcombined","m.to.land.in.300dir",-0.974810939108219
"2070","Proprecruits3mm","m.to.land.in.300dir",-0.65184126638912
"2071","Props35mm","m.to.land.in.300dir",-0.971974073121264
"2073","Props810mm","m.to.land.in.300dir",0.932368820613394
"2074","Props1113mm","m.to.land.in.300dir",0.687876548267498
"2075","Props1416mm","m.to.land.in.300dir",0.934555497200417
"2076","Props1720mm","m.to.land.in.300dir",0.962273904429702
"2077","LiveableRocks","m.to.land.in.300dir",-0.51687209315632
"2079","NonliveableRocks","m.to.land.in.300dir",0.401714240737931
"2080","Sand","m.to.land.in.300dir",-0.564163562876298
"2081","CobbleCourseSand","m.to.land.in.300dir",-0.714877712912224
"2085","Surfzone.size..m.","m.to.land.in.300dir",-0.460944521066102
"2087","Heading","m.to.land.in.300dir",0.8441404911137
"2088","Heading.N","m.to.land.in.300dir",0.876614834901268
"2089","Heading.S","m.to.land.in.300dir",0.828411626044223
"2090","Heading.minus.coast","m.to.land.in.300dir",-0.758230347762225
"2093","percentage.of.MWD.within.range.2014","m.to.land.in.300dir",0.714606265899743
"2094","percent.in.range.2013","m.to.land.in.300dir",0.714606263001682
"2097","Slope.average","m.to.land.in.300dir",0.875083830363346
"2098","Slope.min","m.to.land.in.300dir",0.927158767891205
"2099","Slope.Max","m.to.land.in.300dir",0.665858459775411
"2100","Coastline.hab.angle","m.to.land.in.300dir",-0.931711077553868
"2103","No.Sex.All","percentage.of.MWD.within.range.2014",-0.400107039950334
"2104","Ovigerous","percentage.of.MWD.within.range.2014",-0.936731489272692
"2106","X.10cm2..course.sand","percentage.of.MWD.within.range.2014",-0.817160889095775
"2108","bare.cobble...2cm.","percentage.of.MWD.within.range.2014",-0.920284457760584
"2109","bare.sand..fine.very.course.sand.","percentage.of.MWD.within.range.2014",-0.955265149894855
"2110","rocky.bench","percentage.of.MWD.within.range.2014",0.452448229084619
"2112","s35mm","percentage.of.MWD.within.range.2014",-0.672851214657954
"2115","s1113mm","percentage.of.MWD.within.range.2014",-0.531264208331699
"2119","s1to3mmcombined","percentage.of.MWD.within.range.2014",-0.554390009383425
"2120","Proprecruits3mm","percentage.of.MWD.within.range.2014",-0.696855641910658
"2121","Props35mm","percentage.of.MWD.within.range.2014",-0.588072296333159
"2122","Props57mm","percentage.of.MWD.within.range.2014",0.519113364586818
"2123","Props810mm","percentage.of.MWD.within.range.2014",0.53293309864201
"2125","Props1416mm","percentage.of.MWD.within.range.2014",0.423375494788718
"2126","Props1720mm","percentage.of.MWD.within.range.2014",0.527782561257386
"2127","LiveableRocks","percentage.of.MWD.within.range.2014",-0.967068669918294
"2129","NonliveableRocks","percentage.of.MWD.within.range.2014",0.925421135954141
"2130","Sand","percentage.of.MWD.within.range.2014",-0.955265149894855
"2131","CobbleCourseSand","percentage.of.MWD.within.range.2014",-0.879707906101273
"2132","OvigFemale","percentage.of.MWD.within.range.2014",-0.89729548918908
"2133","Size.1","percentage.of.MWD.within.range.2014",-0.546967774106221
"2136","Size.of.opening","percentage.of.MWD.within.range.2014",0.494430989293653
"2137","Heading","percentage.of.MWD.within.range.2014",0.760661856419043
"2138","Heading.N","percentage.of.MWD.within.range.2014",0.944485358908221
"2140","Heading.minus.coast","percentage.of.MWD.within.range.2014",-0.778919901747205
"2141","m.to.nearest.pt","percentage.of.MWD.within.range.2014",0.907971533527066
"2142","m.to.land.in.300dir","percentage.of.MWD.within.range.2014",0.714606265899743
"2144","percent.in.range.2013","percentage.of.MWD.within.range.2014",1
"2145","Difference.from.300.Northery.heading","percentage.of.MWD.within.range.2014",-0.786422327069371
"2147","Slope.average","percentage.of.MWD.within.range.2014",0.568370539347388
"2148","Slope.min","percentage.of.MWD.within.range.2014",0.547286314840884
"2149","Slope.Max","percentage.of.MWD.within.range.2014",0.497573146688262
"2150","Coastline.hab.angle","percentage.of.MWD.within.range.2014",-0.411744519433106
"2153","No.Sex.All","percent.in.range.2013",-0.40010703717474
"2154","Ovigerous","percent.in.range.2013",-0.936731490718284
"2156","X.10cm2..course.sand","percent.in.range.2013",-0.817160888069128
"2158","bare.cobble...2cm.","percent.in.range.2013",-0.920284457217159
"2159","bare.sand..fine.very.course.sand.","percent.in.range.2013",-0.955265150729238
"2160","rocky.bench","percent.in.range.2013",0.45244823193398
"2162","s35mm","percent.in.range.2013",-0.672851212238979
"2165","s1113mm","percent.in.range.2013",-0.531264211652938
"2169","s1to3mmcombined","percent.in.range.2013",-0.554390005906271
"2170","Proprecruits3mm","percent.in.range.2013",-0.696855641373111
"2171","Props35mm","percent.in.range.2013",-0.588072292967507
"2172","Props57mm","percent.in.range.2013",0.519113368145606
"2173","Props810mm","percent.in.range.2013",0.532933095543764
"2175","Props1416mm","percent.in.range.2013",0.423375491082328
"2176","Props1720mm","percent.in.range.2013",0.52778255787291
"2177","LiveableRocks","percent.in.range.2013",-0.967068670921208
"2179","NonliveableRocks","percent.in.range.2013",0.925421137449617
"2180","Sand","percent.in.range.2013",-0.955265150729238
"2181","CobbleCourseSand","percent.in.range.2013",-0.879707905339158
"2182","OvigFemale","percent.in.range.2013",-0.897295491033767
"2183","Size.1","percent.in.range.2013",-0.546967777576932
"2186","Size.of.opening","percent.in.range.2013",0.494430991921477
"2187","Heading","percent.in.range.2013",0.760661854905336
"2188","Heading.N","percent.in.range.2013",0.944485357800044
"2190","Heading.minus.coast","percent.in.range.2013",-0.778919900858091
"2191","m.to.nearest.pt","percent.in.range.2013",0.907971535275963
"2192","m.to.land.in.300dir","percent.in.range.2013",0.714606263001682
"2193","percentage.of.MWD.within.range.2014","percent.in.range.2013",1
"2195","Difference.from.300.Northery.heading","percent.in.range.2013",-0.786422329648261
"2197","Slope.average","percent.in.range.2013",0.568370536831392
"2198","Slope.min","percent.in.range.2013",0.547286311850289
"2199","Slope.Max","percent.in.range.2013",0.497573145258663
"2200","Coastline.hab.angle","percent.in.range.2013",-0.411744515656306
"2201","Females.All","Difference.from.300.Northery.heading",-0.425430199207628
"2202","Males.All","Difference.from.300.Northery.heading",-0.53478291031746
"2204","Ovigerous","Difference.from.300.Northery.heading",0.948728081189196
"2205","X50cm2.10cm2","Difference.from.300.Northery.heading",0.739997131449942
"2206","X.10cm2..course.sand","Difference.from.300.Northery.heading",0.504821494099977
"2207","cemented.rock.1m2.10cm2","Difference.from.300.Northery.heading",0.533141999300282
"2208","bare.cobble...2cm.","Difference.from.300.Northery.heading",0.653246767714374
"2209","bare.sand..fine.very.course.sand.","Difference.from.300.Northery.heading",0.868686179055733
"2210","rocky.bench","Difference.from.300.Northery.heading",-0.791807713203488
"2213","s57mm","Difference.from.300.Northery.heading",-0.762562689621384
"2214","s810mm","Difference.from.300.Northery.heading",-0.700368746256176
"2215","s1113mm","Difference.from.300.Northery.heading",0.900499238859513
"2216","s1416mm","Difference.from.300.Northery.heading",0.450394476834444
"2220","Proprecruits3mm","Difference.from.300.Northery.heading",0.449968145369995
"2222","Props57mm","Difference.from.300.Northery.heading",-0.931865856507978
"2224","Props1113mm","Difference.from.300.Northery.heading",0.626909060790226
"2227","LiveableRocks","Difference.from.300.Northery.heading",0.910872924947269
"2228","IdealLiveableRocks","Difference.from.300.Northery.heading",0.739997131449942
"2229","NonliveableRocks","Difference.from.300.Northery.heading",-0.951915272815497
"2230","Sand","Difference.from.300.Northery.heading",0.868686179055733
"2231","CobbleCourseSand","Difference.from.300.Northery.heading",0.590897405453839
"2232","OvigFemale","Difference.from.300.Northery.heading",0.978040717027899
"2233","Size.1","Difference.from.300.Northery.heading",0.939906943700267
"2234","Size.2","Difference.from.300.Northery.heading",0.858807124628183
"2235","Surfzone.size..m.","Difference.from.300.Northery.heading",-0.700320117672421
"2236","Size.of.opening","Difference.from.300.Northery.heading",-0.792777893330384
"2238","Heading.N","Difference.from.300.Northery.heading",-0.573980212412067
"2240","Heading.minus.coast","Difference.from.300.Northery.heading",0.465647978017721
"2241","m.to.nearest.pt","Difference.from.300.Northery.heading",-0.97176394712906
"2243","percentage.of.MWD.within.range.2014","Difference.from.300.Northery.heading",-0.786422327069371
"2244","percent.in.range.2013","Difference.from.300.Northery.heading",-0.786422329648261
"2246","Total.degrees.opening","Difference.from.300.Northery.heading",-0.763394347623038
"2251","Females.All","Total.degrees.opening",0.865869768920714
"2252","Males.All","Total.degrees.opening",0.913575357706117
"2253","No.Sex.All","Total.degrees.opening",0.717084820747785
"2254","Ovigerous","Total.degrees.opening",-0.557178276445479
"2255","X50cm2.10cm2","Total.degrees.opening",-0.430792776903988
"2257","cemented.rock.1m2.10cm2","Total.degrees.opening",-0.951961190529592
"2260","rocky.bench","Total.degrees.opening",0.984436251387566
"2261","recruits3mm","Total.degrees.opening",0.640683519707877
"2262","s35mm","Total.degrees.opening",0.471753077990279
"2263","s57mm","Total.degrees.opening",0.967902394612185
"2264","s810mm","Total.degrees.opening",0.993504053209461
"2265","s1113mm","Total.degrees.opening",-0.656242666903171
"2266","s1416mm","Total.degrees.opening",-0.708866386718964
"2267","s1720mm","Total.degrees.opening",-0.742698108400731
"2268","ALL","Total.degrees.opening",0.783849241338189
"2269","s1to3mmcombined","Total.degrees.opening",0.485231266012016
"2271","Props35mm","Total.degrees.opening",0.406040592190716
"2272","Props57mm","Total.degrees.opening",0.810157109334653
"2273","Props810mm","Total.degrees.opening",-0.619988261068525
"2274","Props1113mm","Total.degrees.opening",-0.864531308171275
"2275","Props1416mm","Total.degrees.opening",-0.657623823470512
"2276","Props1720mm","Total.degrees.opening",-0.598388209201367
"2277","LiveableRocks","Total.degrees.opening",-0.553912594720194
"2278","IdealLiveableRocks","Total.degrees.opening",-0.430792776903988
"2279","NonliveableRocks","Total.degrees.opening",0.653987175941814
"2282","OvigFemale","Total.degrees.opening",-0.646698865743016
"2283","Size.1","Total.degrees.opening",-0.786103794194137
"2284","Size.2","Total.degrees.opening",-0.843223652948843
"2285","Surfzone.size..m.","Total.degrees.opening",0.594133081706353
"2286","Size.of.opening","Total.degrees.opening",0.969231426864477
"2289","Heading.S","Total.degrees.opening",-0.782520942372295
"2291","m.to.nearest.pt","Total.degrees.opening",0.621878384662551
"2295","Difference.from.300.Northery.heading","Total.degrees.opening",-0.763394347623038
"2297","Slope.average","Total.degrees.opening",-0.575949560919977
"2298","Slope.min","Total.degrees.opening",-0.608183263841574
"2299","Slope.Max","Total.degrees.opening",-0.514034356655603
"2300","Coastline.hab.angle","Total.degrees.opening",0.640152125401009
"2301","Females.All","Slope.average",-0.691552478878088
"2302","Males.All","Slope.average",-0.637619990981308
"2303","No.Sex.All","Slope.average",-0.981414595991517
"2307","cemented.rock.1m2.10cm2","Slope.average",0.763931350153807
"2309","bare.sand..fine.very.course.sand.","Slope.average",-0.54508023763569
"2310","rocky.bench","Slope.average",-0.475684420334384
"2311","recruits3mm","Slope.average",-0.886151244474179
"2312","s35mm","Slope.average",-0.989260216370826
"2313","s57mm","Slope.average",-0.59413533016975
"2314","s810mm","Slope.average",-0.62357515929646
"2316","s1416mm","Slope.average",0.697931791530179
"2317","s1720mm","Slope.average",0.830548741777009
"2318","ALL","Slope.average",-0.947731883498989
"2319","s1to3mmcombined","Slope.average",-0.825844361589713
"2320","Proprecruits3mm","Slope.average",-0.869189135249556
"2321","Props35mm","Slope.average",-0.777504634585293
"2323","Props810mm","Slope.average",0.977965959966986
"2324","Props1113mm","Slope.average",0.668388997909709
"2325","Props1416mm","Slope.average",0.878195260115871
"2326","Props1720mm","Slope.average",0.931123849387577
"2330","Sand","Slope.average",-0.54508023763569
"2336","Size.of.opening","Slope.average",-0.434095413965295
"2337","Heading","Slope.average",0.952505356116546
"2338","Heading.N","Slope.average",0.805250924702302
"2339","Heading.S","Slope.average",0.953247730436051
"2340","Heading.minus.coast","Slope.average",-0.901628768630033
"2342","m.to.land.in.300dir","Slope.average",0.875083830363346
"2343","percentage.of.MWD.within.range.2014","Slope.average",0.568370539347388
"2344","percent.in.range.2013","Slope.average",0.568370536831392
"2346","Total.degrees.opening","Slope.average",-0.575949560919977
"2348","Slope.min","Slope.average",0.985289920149777
"2349","Slope.Max","Slope.average",0.935772499894064
"2350","Coastline.hab.angle","Slope.average",-0.843680169177213
"2351","Females.All","Slope.min",-0.637742449717831
"2352","Males.All","Slope.min",-0.59888502805059
"2353","No.Sex.All","Slope.min",-0.968342228620799
"2357","cemented.rock.1m2.10cm2","Slope.min",0.758457928700866
"2358","bare.cobble...2cm.","Slope.min",-0.436581437094828
"2359","bare.sand..fine.very.course.sand.","Slope.min",-0.474598734890355
"2360","rocky.bench","Slope.min",-0.489780577351341
"2361","recruits3mm","Slope.min",-0.809921573274868
"2362","s35mm","Slope.min",-0.982405582765347
"2363","s57mm","Slope.min",-0.663934399210239
"2364","s810mm","Slope.min",-0.637531919865531
"2366","s1416mm","Slope.min",0.806059573131506
"2367","s1720mm","Slope.min",0.908562490806794
"2368","ALL","Slope.min",-0.926947352367803
"2369","s1to3mmcombined","Slope.min",-0.906443782875613
"2370","Proprecruits3mm","Slope.min",-0.779640095007997
"2371","Props35mm","Slope.min",-0.865990035432141
"2373","Props810mm","Slope.min",0.999222722763103
"2374","Props1113mm","Slope.min",0.762522521559997
"2375","Props1416mm","Slope.min",0.946580357191339
"2376","Props1720mm","Slope.min",0.979522132723121
"2380","Sand","Slope.min",-0.474598734890355
"2381","CobbleCourseSand","Slope.min",-0.421384354186295
"2384","Size.2","Slope.min",0.455470791854073
"2386","Size.of.opening","Slope.min",-0.439847368508468
"2387","Heading","Slope.min",0.909301686660703
"2388","Heading.N","Slope.min",0.790859419932135
"2389","Heading.S","Slope.min",0.969576973037786
"2390","Heading.minus.coast","Slope.min",-0.834568457177596
"2392","m.to.land.in.300dir","Slope.min",0.927158767891205
"2393","percentage.of.MWD.within.range.2014","Slope.min",0.547286314840884
"2394","percent.in.range.2013","Slope.min",0.547286311850289
"2396","Total.degrees.opening","Slope.min",-0.608183263841574
"2397","Slope.average","Slope.min",0.985289920149777
"2399","Slope.Max","Slope.min",0.863062712128659
"2400","Coastline.hab.angle","Slope.min",-0.922827237581673
"2401","Females.All","Slope.Max",-0.784667291673611
"2402","Males.All","Slope.Max",-0.710881808977978
"2403","No.Sex.All","Slope.Max",-0.929660384298169
"2407","cemented.rock.1m2.10cm2","Slope.Max",0.750397800753236
"2409","bare.sand..fine.very.course.sand.","Slope.Max",-0.580922196165727
"2410","rocky.bench","Slope.Max",-0.466301265051926
"2411","recruits3mm","Slope.Max",-0.977226478093182
"2412","s35mm","Slope.Max",-0.900008603969946
"2413","s57mm","Slope.Max",-0.445770688615543
"2414","s810mm","Slope.Max",-0.593194677084981
"2416","s1416mm","Slope.Max",0.427417694748749
"2417","s1720mm","Slope.Max",0.60805302453571
"2418","ALL","Slope.Max",-0.923842412565408
"2419","s1to3mmcombined","Slope.Max",-0.574399471903531
"2420","Proprecruits3mm","Slope.Max",-0.953170477948959
"2421","Props35mm","Slope.Max",-0.508940738950957
"2423","Props810mm","Slope.Max",0.843872543161928
"2424","Props1113mm","Slope.Max",0.446939532459824
"2425","Props1416mm","Slope.Max",0.661292828226223
"2426","Props1720mm","Slope.Max",0.743700172435466
"2430","Sand","Slope.Max",-0.580922196165727
"2436","Size.of.opening","Slope.Max",-0.447447212552161
"2437","Heading","Slope.Max",0.931798095360697
"2438","Heading.N","Slope.Max",0.715286624306325
"2439","Heading.S","Slope.Max",0.848656282216498
"2440","Heading.minus.coast","Slope.Max",-0.930595362772601
"2442","m.to.land.in.300dir","Slope.Max",0.665858459775411
"2443","percentage.of.MWD.within.range.2014","Slope.Max",0.497573146688262
"2444","percent.in.range.2013","Slope.Max",0.497573145258663
"2446","Total.degrees.opening","Slope.Max",-0.514034356655603
"2447","Slope.average","Slope.Max",0.935772499894064
"2448","Slope.min","Slope.Max",0.863062712128659
"2450","Coastline.hab.angle","Slope.Max",-0.607185076615195
"2451","Females.All","Coastline.hab.angle",0.46963806045926
"2452","Males.All","Coastline.hab.angle",0.471473176568944
"2453","No.Sex.All","Coastline.hab.angle",0.838803129560895
"2455","X50cm2.10cm2","Coastline.hab.angle",-0.451392448675529
"2456","X.10cm2..course.sand","Coastline.hab.angle",0.497575450993559
"2457","cemented.rock.1m2.10cm2","Coastline.hab.angle",-0.684517972854343
"2458","bare.cobble...2cm.","Coastline.hab.angle",0.453337002653892
"2460","rocky.bench","Coastline.hab.angle",0.497098564328544
"2461","recruits3mm","Coastline.hab.angle",0.559010732990842
"2462","s35mm","Coastline.hab.angle",0.854019069068862
"2463","s57mm","Coastline.hab.angle",0.769958157519222
"2464","s810mm","Coastline.hab.angle",0.624818389800789
"2465","s1113mm","Coastline.hab.angle",-0.465262187007124
"2466","s1416mm","Coastline.hab.angle",-0.966187810282451
"2467","s1720mm","Coastline.hab.angle",-0.989635343088304
"2468","ALL","Coastline.hab.angle",0.788901714746195
"2469","s1to3mmcombined","Coastline.hab.angle",0.982315297967703
"2470","Proprecruits3mm","Coastline.hab.angle",0.485618872167361
"2471","Props35mm","Coastline.hab.angle",0.96135612035801
"2472","Props57mm","Coastline.hab.angle",0.547432710494859
"2473","Props810mm","Coastline.hab.angle",-0.937141865206781
"2474","Props1113mm","Coastline.hab.angle",-0.904417765086864
"2475","Props1416mm","Coastline.hab.angle",-0.997488575360706
"2476","Props1720mm","Coastline.hab.angle",-0.979183426932965
"2478","IdealLiveableRocks","Coastline.hab.angle",-0.451392448675529
"2481","CobbleCourseSand","Coastline.hab.angle",0.475731198337431
"2483","Size.1","Coastline.hab.angle",-0.513130030596069
"2484","Size.2","Coastline.hab.angle",-0.689471286530604
"2485","Surfzone.size..m.","Coastline.hab.angle",0.700187652775973
"2486","Size.of.opening","Coastline.hab.angle",0.434856641411229
"2487","Heading","Coastline.hab.angle",-0.703508076298968
"2488","Heading.N","Coastline.hab.angle",-0.651217012658437
"2489","Heading.S","Coastline.hab.angle",-0.907713751588346
"2490","Heading.minus.coast","Coastline.hab.angle",0.581930223390492
"2492","m.to.land.in.300dir","Coastline.hab.angle",-0.931711077553868
"2493","percentage.of.MWD.within.range.2014","Coastline.hab.angle",-0.411744519433106
"2494","percent.in.range.2013","Coastline.hab.angle",-0.411744515656306
"2496","Total.degrees.opening","Coastline.hab.angle",0.640152125401009
"2497","Slope.average","Coastline.hab.angle",-0.843680169177213
"2498","Slope.min","Coastline.hab.angle",-0.922827237581673
"2499","Slope.Max","Coastline.hab.angle",-0.607185076615195
